year;scientific_name;Landed value (tonnes)
1950;Miscellaneous aquatic invertebrates;70,6401
1950;Elasmobranchii;282,5604
1950;Bivalvia;282,5604
1950;Pteriomorphia;253,5456
1950;Scombroidea;1059,6015
1950;Mugilidae;0,210443182
1950;Soleidae;70,6401
1950;Palinuridae;1059,6015
1950;Epinephelus;565,1208
1950;Epinephelus;0,016835455
1950;Pagellus;70,6401
1950;Torpedo;0,042088636
1950;Loligo;70,6401
1950;Sepia;353,2005
1950;Donax;36,2208
1950;Dicentrarchus labrax;70,6401
1950;Dicentrarchus labrax;4,050610364
1950;Conger conger;706,401
1950;Conger conger;0,028752316
1950;Pomatomus saltatrix;0,828304364
1950;Dicentrarchus punctatus;1,397342727
1950;Argyrosomus regius;70,6401
1950;Argyrosomus regius;6,886658219
1950;Lichia amia;0,005083647
1950;Seriola dumerili;0,129633
1950;Sparus aurata;3,34397517
1950;Mullus surmuletus;988,9614
1950;Sciaena umbra;0,007625471
1950;Muraena helena;0,038837083
1950;Chelon auratus;0,0462975
1950;Diplodus puntazzo;0,037879773
1950;Diplodus vulgaris;70,6401
1950;Diplodus vulgaris;21,41631571
1950;Pagrus pagrus;0,064314737
1950;Balistes capriscus;0,221402733
1950;Chamelea gallina;615,7536
1950;Callista chione;380,3184
1950;Acanthocardia tuberculata;507,0912
1951;Miscellaneous aquatic invertebrates;70,185258
1951;Elasmobranchii;280,741032
1951;Bivalvia;280,741032
1951;Pteriomorphia;252,137004
1951;Scombroidea;1052,77887
1951;Mugilidae;0,210443182
1951;Soleidae;70,185258
1951;Palinuridae;1052,77887
1951;Epinephelus;561,482064
1951;Epinephelus;0,016835455
1951;Pagellus;70,185258
1951;Torpedo;0,042088636
1951;Loligo;70,185258
1951;Sepia;350,92629
1951;Donax;36,019572
1951;Dicentrarchus labrax;70,185258
1951;Dicentrarchus labrax;4,050610364
1951;Conger conger;701,85258
1951;Conger conger;0,028752316
1951;Pomatomus saltatrix;0,828304364
1951;Dicentrarchus punctatus;1,397342727
1951;Argyrosomus regius;70,185258
1951;Argyrosomus regius;6,886658219
1951;Lichia amia;0,005083647
1951;Seriola dumerili;0,129633
1951;Sparus aurata;3,34397517
1951;Mullus surmuletus;982,593612
1951;Sciaena umbra;0,007625471
1951;Muraena helena;0,038837083
1951;Chelon auratus;0,0462975
1951;Diplodus puntazzo;0,037879773
1951;Diplodus vulgaris;70,185258
1951;Diplodus vulgaris;21,41631571
1951;Pagrus pagrus;0,064314737
1951;Balistes capriscus;0,221402733
1951;Chamelea gallina;612,332724
1951;Callista chione;378,205506
1951;Acanthocardia tuberculata;504,274008
1952;Miscellaneous aquatic invertebrates;69,729516
1952;Elasmobranchii;278,918064
1952;Bivalvia;278,918064
1952;Pteriomorphia;250,728408
1952;Scombroidea;1045,94274
1952;Mugilidae;0,420886364
1952;Soleidae;69,729516
1952;Palinuridae;1045,94274
1952;Epinephelus;557,836128
1952;Epinephelus;0,033670909
1952;Pagellus;69,729516
1952;Torpedo;0,084177273
1952;Loligo;69,729516
1952;Sepia;348,64758
1952;Donax;35,818344
1952;Dicentrarchus labrax;69,729516
1952;Dicentrarchus labrax;8,101220727
1952;Conger conger;697,29516
1952;Conger conger;0,057504631
1952;Pomatomus saltatrix;1,656608727
1952;Dicentrarchus punctatus;2,794685455
1952;Argyrosomus regius;69,729516
1952;Argyrosomus regius;13,77331644
1952;Lichia amia;0,010167294
1952;Seriola dumerili;0,259266
1952;Sparus aurata;6,68795034
1952;Mullus surmuletus;976,213224
1952;Sciaena umbra;0,015250941
1952;Muraena helena;0,077674166
1952;Chelon auratus;0,092595
1952;Diplodus puntazzo;0,075759546
1952;Diplodus vulgaris;69,729516
1952;Diplodus vulgaris;42,83263141
1952;Pagrus pagrus;0,128629475
1952;Balistes capriscus;0,442805465
1952;Chamelea gallina;608,911848
1952;Callista chione;376,092612
1952;Acanthocardia tuberculata;501,456816
1953;Miscellaneous aquatic invertebrates;69,273774
1953;Elasmobranchii;277,095096
1953;Bivalvia;277,095096
1953;Pteriomorphia;249,319812
1953;Scombroidea;1039,10661
1953;Mugilidae;0,631329546
1953;Soleidae;69,273774
1953;Palinuridae;1039,10661
1953;Epinephelus;554,190192
1953;Epinephelus;0,050506364
1953;Pagellus;69,273774
1953;Torpedo;0,126265909
1953;Loligo;69,273774
1953;Sepia;346,36887
1953;Donax;35,617116
1953;Dicentrarchus labrax;69,273774
1953;Dicentrarchus labrax;12,15183109
1953;Conger conger;692,73774
1953;Conger conger;0,086256947
1953;Pomatomus saltatrix;2,484913091
1953;Dicentrarchus punctatus;4,192028182
1953;Argyrosomus regius;69,273774
1953;Argyrosomus regius;20,65997466
1953;Lichia amia;0,015250941
1953;Seriola dumerili;0,388899
1953;Sparus aurata;10,03192551
1953;Mullus surmuletus;969,832836
1953;Sciaena umbra;0,022876412
1953;Muraena helena;0,116511249
1953;Chelon auratus;0,1388925
1953;Diplodus puntazzo;0,113639318
1953;Diplodus vulgaris;69,273774
1953;Diplodus vulgaris;64,24894712
1953;Pagrus pagrus;0,192944212
1953;Balistes capriscus;0,664208198
1953;Chamelea gallina;605,490972
1953;Callista chione;373,979718
1953;Acanthocardia tuberculata;498,639624
1954;Miscellaneous aquatic invertebrates;68,818032
1954;Elasmobranchii;275,272128
1954;Bivalvia;275,272128
1954;Pteriomorphia;247,911216
1954;Scombroidea;1032,27048
1954;Mugilidae;0,841772727
1954;Soleidae;68,818032
1954;Palinuridae;1032,27048
1954;Epinephelus;550,544256
1954;Epinephelus;0,067341818
1954;Pagellus;68,818032
1954;Torpedo;0,168354546
1954;Loligo;68,818032
1954;Sepia;344,09016
1954;Donax;35,415888
1954;Dicentrarchus labrax;68,818032
1954;Dicentrarchus labrax;16,20244145
1954;Conger conger;688,18032
1954;Conger conger;0,115009262
1954;Pomatomus saltatrix;3,313217455
1954;Dicentrarchus punctatus;5,589370909
1954;Argyrosomus regius;68,818032
1954;Argyrosomus regius;27,54663288
1954;Lichia amia;0,020334588
1954;Seriola dumerili;0,518532
1954;Sparus aurata;13,37590068
1954;Mullus surmuletus;963,452448
1954;Sciaena umbra;0,030501882
1954;Muraena helena;0,155348332
1954;Chelon auratus;0,18519
1954;Diplodus puntazzo;0,151519091
1954;Diplodus vulgaris;68,818032
1954;Diplodus vulgaris;85,66526282
1954;Pagrus pagrus;0,25725895
1954;Balistes capriscus;0,885610931
1954;Chamelea gallina;602,070096
1954;Callista chione;371,866824
1954;Acanthocardia tuberculata;495,822432
1955;Miscellaneous aquatic invertebrates;68,36229
1955;Elasmobranchii;273,44916
1955;Bivalvia;273,44916
1955;Pteriomorphia;246,50262
1955;Scombroidea;1025,43435
1955;Mugilidae;1,052215909
1955;Soleidae;68,36229
1955;Palinuridae;1025,43435
1955;Epinephelus;546,89832
1955;Epinephelus;0,084177273
1955;Pagellus;68,36229
1955;Torpedo;0,210443182
1955;Loligo;68,36229
1955;Sepia;341,81145
1955;Donax;35,21466
1955;Dicentrarchus labrax;68,36229
1955;Dicentrarchus labrax;20,25305182
1955;Conger conger;683,6229
1955;Conger conger;0,143761578
1955;Pomatomus saltatrix;4,141521818
1955;Dicentrarchus punctatus;6,986713636
1955;Argyrosomus regius;68,36229
1955;Argyrosomus regius;34,4332911
1955;Lichia amia;0,025418235
1955;Seriola dumerili;0,648165
1955;Sparus aurata;16,71987585
1955;Mullus surmuletus;957,07206
1955;Sciaena umbra;0,038127353
1955;Muraena helena;0,194185414
1955;Chelon auratus;0,2314875
1955;Diplodus puntazzo;0,189398864
1955;Diplodus vulgaris;68,36229
1955;Diplodus vulgaris;107,0815785
1955;Pagrus pagrus;0,321573687
1955;Balistes capriscus;1,107013663
1955;Chamelea gallina;598,64922
1955;Callista chione;369,75393
1955;Acanthocardia tuberculata;493,00524
1956;Miscellaneous aquatic invertebrates;67,906548
1956;Elasmobranchii;271,626192
1956;Bivalvia;271,626192
1956;Pteriomorphia;245,094024
1956;Scombroidea;1018,59822
1956;Mugilidae;1,262659091
1956;Soleidae;67,906548
1956;Palinuridae;1018,59822
1956;Epinephelus;543,252384
1956;Epinephelus;0,101012727
1956;Pagellus;67,906548
1956;Torpedo;0,252531818
1956;Loligo;67,906548
1956;Sepia;339,53274
1956;Donax;35,013432
1956;Dicentrarchus labrax;67,906548
1956;Dicentrarchus labrax;24,30366218
1956;Conger conger;679,06548
1956;Conger conger;0,172513893
1956;Pomatomus saltatrix;4,969826182
1956;Dicentrarchus punctatus;8,384056364
1956;Argyrosomus regius;67,906548
1956;Argyrosomus regius;41,31994932
1956;Lichia amia;0,030501882
1956;Seriola dumerili;0,777798
1956;Sparus aurata;20,06385102
1956;Mullus surmuletus;950,691672
1956;Sciaena umbra;0,045752824
1956;Muraena helena;0,233022497
1956;Chelon auratus;0,277785
1956;Diplodus puntazzo;0,227278636
1956;Diplodus vulgaris;67,906548
1956;Diplodus vulgaris;128,4978942
1956;Pagrus pagrus;0,385888425
1956;Balistes capriscus;1,328416396
1956;Chamelea gallina;595,228344
1956;Callista chione;367,641036
1956;Acanthocardia tuberculata;490,188048
1957;Miscellaneous aquatic invertebrates;67,450806
1957;Elasmobranchii;269,803224
1957;Bivalvia;269,803224
1957;Pteriomorphia;243,685428
1957;Scombroidea;1011,76209
1957;Mugilidae;1,473102273
1957;Soleidae;67,450806
1957;Palinuridae;1011,76209
1957;Epinephelus;539,606448
1957;Epinephelus;0,117848182
1957;Pagellus;67,450806
1957;Torpedo;0,294620455
1957;Loligo;67,450806
1957;Sepia;337,25403
1957;Donax;34,812204
1957;Dicentrarchus labrax;67,450806
1957;Dicentrarchus labrax;28,35427255
1957;Conger conger;674,50806
1957;Conger conger;0,201266209
1957;Pomatomus saltatrix;5,798130546
1957;Dicentrarchus punctatus;9,781399091
1957;Argyrosomus regius;67,450806
1957;Argyrosomus regius;48,20660753
1957;Lichia amia;0,035585529
1957;Seriola dumerili;0,907431
1957;Sparus aurata;23,40782619
1957;Mullus surmuletus;944,311284
1957;Sciaena umbra;0,053378294
1957;Muraena helena;0,27185958
1957;Chelon auratus;0,3240825
1957;Diplodus puntazzo;0,265158409
1957;Diplodus vulgaris;67,450806
1957;Diplodus vulgaris;149,9142099
1957;Pagrus pagrus;0,450203162
1957;Balistes capriscus;1,549819128
1957;Chamelea gallina;591,807468
1957;Callista chione;365,528142
1957;Acanthocardia tuberculata;487,370856
1958;Miscellaneous aquatic invertebrates;66,995064
1958;Elasmobranchii;267,980256
1958;Bivalvia;267,980256
1958;Pteriomorphia;242,276832
1958;Scombroidea;1004,92596
1958;Mugilidae;1,683545455
1958;Soleidae;66,995064
1958;Palinuridae;1004,92596
1958;Epinephelus;535,960512
1958;Epinephelus;0,134683636
1958;Pagellus;66,995064
1958;Torpedo;0,336709091
1958;Loligo;66,995064
1958;Sepia;334,97532
1958;Donax;34,610976
1958;Dicentrarchus labrax;66,995064
1958;Dicentrarchus labrax;32,40488291
1958;Conger conger;669,95064
1958;Conger conger;0,230018524
1958;Pomatomus saltatrix;6,626434909
1958;Dicentrarchus punctatus;11,17874182
1958;Argyrosomus regius;66,995064
1958;Argyrosomus regius;55,09326575
1958;Lichia amia;0,040669177
1958;Seriola dumerili;1,037064
1958;Sparus aurata;26,75180136
1958;Mullus surmuletus;937,930896
1958;Sciaena umbra;0,061003765
1958;Muraena helena;0,310696663
1958;Chelon auratus;0,37038
1958;Diplodus puntazzo;0,303038182
1958;Diplodus vulgaris;66,995064
1958;Diplodus vulgaris;171,3305256
1958;Pagrus pagrus;0,514517899
1958;Balistes capriscus;1,771221861
1958;Chamelea gallina;588,386592
1958;Callista chione;363,415248
1958;Acanthocardia tuberculata;484,553664
1959;Miscellaneous aquatic invertebrates;66,539322
1959;Elasmobranchii;266,157288
1959;Bivalvia;266,157288
1959;Pteriomorphia;240,868236
1959;Scombroidea;998,08983
1959;Mugilidae;1,893988636
1959;Soleidae;66,539322
1959;Palinuridae;998,08983
1959;Epinephelus;532,314576
1959;Epinephelus;0,151519091
1959;Pagellus;66,539322
1959;Torpedo;0,378797727
1959;Loligo;66,539322
1959;Sepia;332,69661
1959;Donax;34,409748
1959;Dicentrarchus labrax;66,539322
1959;Dicentrarchus labrax;36,45549327
1959;Conger conger;665,39322
1959;Conger conger;0,25877084
1959;Pomatomus saltatrix;7,454739273
1959;Dicentrarchus punctatus;12,57608455
1959;Argyrosomus regius;66,539322
1959;Argyrosomus regius;61,97992397
1959;Lichia amia;0,045752824
1959;Seriola dumerili;1,166697
1959;Sparus aurata;30,09577653
1959;Mullus surmuletus;931,550508
1959;Sciaena umbra;0,068629235
1959;Muraena helena;0,349533746
1959;Chelon auratus;0,4166775
1959;Diplodus puntazzo;0,340917955
1959;Diplodus vulgaris;66,539322
1959;Diplodus vulgaris;192,7468414
1959;Pagrus pagrus;0,578832637
1959;Balistes capriscus;1,992624594
1959;Chamelea gallina;584,965716
1959;Callista chione;361,302354
1959;Acanthocardia tuberculata;481,736472
1960;Miscellaneous aquatic invertebrates;66,08358
1960;Elasmobranchii;264,33432
1960;Bivalvia;264,33432
1960;Pteriomorphia;239,45964
1960;Scombroidea;991,2537
1960;Mugilidae;2,104431818
1960;Soleidae;66,08358
1960;Palinuridae;991,2537
1960;Epinephelus;528,66864
1960;Epinephelus;0,168354546
1960;Pagellus;66,08358
1960;Torpedo;0,420886364
1960;Loligo;66,08358
1960;Sepia;330,4179
1960;Donax;34,20852
1960;Dicentrarchus labrax;66,08358
1960;Dicentrarchus labrax;40,50610364
1960;Conger conger;660,8358
1960;Conger conger;0,287523155
1960;Pomatomus saltatrix;8,283043636
1960;Dicentrarchus punctatus;13,97342727
1960;Argyrosomus regius;66,08358
1960;Argyrosomus regius;68,86658219
1960;Lichia amia;0,050836471
1960;Seriola dumerili;1,29633
1960;Sparus aurata;33,4397517
1960;Mullus surmuletus;925,17012
1960;Sciaena umbra;0,076254706
1960;Muraena helena;0,388370829
1960;Chelon auratus;0,462975
1960;Diplodus puntazzo;0,378797727
1960;Diplodus vulgaris;66,08358
1960;Diplodus vulgaris;214,1631571
1960;Pagrus pagrus;0,643147374
1960;Balistes capriscus;2,214027326
1960;Chamelea gallina;581,54484
1960;Callista chione;359,18946
1960;Acanthocardia tuberculata;478,91928
1961;Miscellaneous aquatic invertebrates;65,627838
1961;Elasmobranchii;262,511352
1961;Bivalvia;262,511352
1961;Pteriomorphia;238,051044
1961;Scombroidea;984,41757
1961;Mugilidae;2,314875
1961;Soleidae;65,627838
1961;Palinuridae;984,41757
1961;Epinephelus;525,022704
1961;Epinephelus;0,18519
1961;Pagellus;65,627838
1961;Torpedo;0,462975
1961;Loligo;65,627838
1961;Sepia;328,13919
1961;Donax;34,007292
1961;Dicentrarchus labrax;65,627838
1961;Dicentrarchus labrax;44,556714
1961;Conger conger;656,27838
1961;Conger conger;0,316275471
1961;Pomatomus saltatrix;9,111348
1961;Dicentrarchus punctatus;15,37077
1961;Argyrosomus regius;65,627838
1961;Argyrosomus regius;75,75324041
1961;Lichia amia;0,055920118
1961;Seriola dumerili;1,425963
1961;Sparus aurata;36,78372687
1961;Mullus surmuletus;918,789732
1961;Sciaena umbra;0,083880177
1961;Muraena helena;0,427207912
1961;Chelon auratus;0,5092725
1961;Diplodus puntazzo;0,4166775
1961;Diplodus vulgaris;65,627838
1961;Diplodus vulgaris;235,5794728
1961;Pagrus pagrus;0,707462112
1961;Balistes capriscus;2,435430059
1961;Chamelea gallina;578,123964
1961;Callista chione;357,076566
1961;Acanthocardia tuberculata;476,102088
1962;Miscellaneous aquatic invertebrates;65,172096
1962;Elasmobranchii;260,688384
1962;Bivalvia;260,688384
1962;Pteriomorphia;236,642448
1962;Scombroidea;977,58144
1962;Mugilidae;2,525318182
1962;Soleidae;65,172096
1962;Palinuridae;977,58144
1962;Epinephelus;521,376768
1962;Epinephelus;0,202025455
1962;Pagellus;65,172096
1962;Torpedo;0,505063636
1962;Loligo;65,172096
1962;Sepia;325,86048
1962;Donax;33,806064
1962;Dicentrarchus labrax;65,172096
1962;Dicentrarchus labrax;48,60732436
1962;Conger conger;651,72096
1962;Conger conger;0,345027786
1962;Pomatomus saltatrix;9,939652364
1962;Dicentrarchus punctatus;16,76811273
1962;Argyrosomus regius;65,172096
1962;Argyrosomus regius;82,63989863
1962;Lichia amia;0,061003765
1962;Seriola dumerili;1,555596
1962;Sparus aurata;40,12770204
1962;Mullus surmuletus;912,409344
1962;Sciaena umbra;0,091505647
1962;Muraena helena;0,466044995
1962;Chelon auratus;0,55557
1962;Diplodus puntazzo;0,454557273
1962;Diplodus vulgaris;65,172096
1962;Diplodus vulgaris;256,9957885
1962;Pagrus pagrus;0,771776849
1962;Balistes capriscus;2,656832792
1962;Chamelea gallina;574,703088
1962;Callista chione;354,963672
1962;Acanthocardia tuberculata;473,284896
1963;Miscellaneous aquatic invertebrates;64,716354
1963;Elasmobranchii;258,865416
1963;Bivalvia;258,865416
1963;Pteriomorphia;235,233852
1963;Scombroidea;970,74531
1963;Mugilidae;2,735761364
1963;Soleidae;64,716354
1963;Palinuridae;970,74531
1963;Epinephelus;517,730832
1963;Epinephelus;0,218860909
1963;Pagellus;64,716354
1963;Torpedo;0,547152273
1963;Loligo;64,716354
1963;Sepia;323,58177
1963;Donax;33,604836
1963;Dicentrarchus labrax;64,716354
1963;Dicentrarchus labrax;52,65793473
1963;Conger conger;647,16354
1963;Conger conger;0,373780102
1963;Pomatomus saltatrix;10,76795673
1963;Dicentrarchus punctatus;18,16545545
1963;Argyrosomus regius;64,716354
1963;Argyrosomus regius;89,52655685
1963;Lichia amia;0,066087412
1963;Seriola dumerili;1,685229
1963;Sparus aurata;43,47167721
1963;Mullus surmuletus;906,028956
1963;Sciaena umbra;0,099131118
1963;Muraena helena;0,504882078
1963;Chelon auratus;0,6018675
1963;Diplodus puntazzo;0,492437046
1963;Diplodus vulgaris;64,716354
1963;Diplodus vulgaris;278,4121042
1963;Pagrus pagrus;0,836091587
1963;Balistes capriscus;2,878235524
1963;Chamelea gallina;571,282212
1963;Callista chione;352,850778
1963;Acanthocardia tuberculata;470,467704
1964;Miscellaneous aquatic invertebrates;64,260612
1964;Elasmobranchii;257,042448
1964;Bivalvia;257,042448
1964;Pteriomorphia;233,825256
1964;Scombroidea;963,90918
1964;Mugilidae;2,946204546
1964;Soleidae;64,260612
1964;Palinuridae;963,90918
1964;Epinephelus;514,084896
1964;Epinephelus;0,235696364
1964;Pagellus;64,260612
1964;Torpedo;0,589240909
1964;Loligo;64,260612
1964;Sepia;321,30306
1964;Donax;33,403608
1964;Dicentrarchus labrax;64,260612
1964;Dicentrarchus labrax;56,70854509
1964;Conger conger;642,60612
1964;Conger conger;0,402532417
1964;Pomatomus saltatrix;11,59626109
1964;Dicentrarchus punctatus;19,56279818
1964;Argyrosomus regius;64,260612
1964;Argyrosomus regius;96,41321507
1964;Lichia amia;0,071171059
1964;Seriola dumerili;1,814862
1964;Sparus aurata;46,81565238
1964;Mullus surmuletus;899,648568
1964;Sciaena umbra;0,106756588
1964;Muraena helena;0,54371916
1964;Chelon auratus;0,648165
1964;Diplodus puntazzo;0,530316818
1964;Diplodus vulgaris;64,260612
1964;Diplodus vulgaris;299,8284199
1964;Pagrus pagrus;0,900406324
1964;Balistes capriscus;3,099638257
1964;Chamelea gallina;567,861336
1964;Callista chione;350,737884
1964;Acanthocardia tuberculata;467,650512
1965;Miscellaneous aquatic invertebrates;63,80487
1965;Elasmobranchii;255,21948
1965;Bivalvia;255,21948
1965;Pteriomorphia;232,41666
1965;Scombroidea;957,07305
1965;Mugilidae;3,156647727
1965;Soleidae;63,80487
1965;Palinuridae;957,07305
1965;Epinephelus;510,43896
1965;Epinephelus;0,252531818
1965;Pagellus;63,80487
1965;Torpedo;0,631329546
1965;Loligo;63,80487
1965;Sepia;319,02435
1965;Donax;33,20238
1965;Dicentrarchus labrax;63,80487
1965;Dicentrarchus labrax;60,75915545
1965;Conger conger;638,0487
1965;Conger conger;0,431284733
1965;Pomatomus saltatrix;12,42456545
1965;Dicentrarchus punctatus;20,96014091
1965;Argyrosomus regius;63,80487
1965;Argyrosomus regius;103,2998733
1965;Lichia amia;0,076254706
1965;Seriola dumerili;1,944495
1965;Sparus aurata;50,15962755
1965;Mullus surmuletus;893,26818
1965;Sciaena umbra;0,114382059
1965;Muraena helena;0,582556243
1965;Chelon auratus;0,6944625
1965;Diplodus puntazzo;0,568196591
1965;Diplodus vulgaris;63,80487
1965;Diplodus vulgaris;321,2447356
1965;Pagrus pagrus;0,964721062
1965;Balistes capriscus;3,321040989
1965;Chamelea gallina;564,44046
1965;Callista chione;348,62499
1965;Acanthocardia tuberculata;464,83332
1966;Miscellaneous aquatic invertebrates;63,349128
1966;Elasmobranchii;253,396512
1966;Bivalvia;253,396512
1966;Pteriomorphia;231,008064
1966;Scombroidea;950,23692
1966;Mugilidae;3,367090909
1966;Soleidae;63,349128
1966;Palinuridae;950,23692
1966;Epinephelus;506,793024
1966;Epinephelus;0,269367273
1966;Pagellus;63,349128
1966;Torpedo;0,673418182
1966;Loligo;63,349128
1966;Sepia;316,74564
1966;Donax;33,001152
1966;Dicentrarchus labrax;63,349128
1966;Dicentrarchus labrax;64,80976582
1966;Conger conger;633,49128
1966;Conger conger;0,460037048
1966;Pomatomus saltatrix;13,25286982
1966;Dicentrarchus punctatus;22,35748364
1966;Argyrosomus regius;63,349128
1966;Argyrosomus regius;110,1865315
1966;Lichia amia;0,081338353
1966;Seriola dumerili;2,074128
1966;Sparus aurata;53,50360272
1966;Mullus surmuletus;886,887792
1966;Sciaena umbra;0,122007529
1966;Muraena helena;0,621393326
1966;Chelon auratus;0,74076
1966;Diplodus puntazzo;0,606076364
1966;Diplodus vulgaris;63,349128
1966;Diplodus vulgaris;342,6610513
1966;Pagrus pagrus;1,029035799
1966;Balistes capriscus;3,542443722
1966;Chamelea gallina;561,019584
1966;Callista chione;346,512096
1966;Acanthocardia tuberculata;462,016128
1967;Miscellaneous aquatic invertebrates;62,893386
1967;Elasmobranchii;251,573544
1967;Bivalvia;251,573544
1967;Pteriomorphia;229,599468
1967;Scombroidea;943,40079
1967;Mugilidae;3,577534091
1967;Soleidae;62,893386
1967;Palinuridae;943,40079
1967;Epinephelus;503,147088
1967;Epinephelus;0,286202727
1967;Pagellus;62,893386
1967;Torpedo;0,715506818
1967;Loligo;62,893386
1967;Sepia;314,46693
1967;Donax;32,799924
1967;Dicentrarchus labrax;62,893386
1967;Dicentrarchus labrax;68,86037618
1967;Conger conger;628,93386
1967;Conger conger;0,488789364
1967;Pomatomus saltatrix;14,08117418
1967;Dicentrarchus punctatus;23,75482636
1967;Argyrosomus regius;62,893386
1967;Argyrosomus regius;117,0731897
1967;Lichia amia;0,086422
1967;Seriola dumerili;2,203761
1967;Sparus aurata;56,84757789
1967;Mullus surmuletus;880,507404
1967;Sciaena umbra;0,129633
1967;Muraena helena;0,660230409
1967;Chelon auratus;0,7870575
1967;Diplodus puntazzo;0,643956136
1967;Diplodus vulgaris;62,893386
1967;Diplodus vulgaris;364,077367
1967;Pagrus pagrus;1,093350536
1967;Balistes capriscus;3,763846455
1967;Chamelea gallina;557,598708
1967;Callista chione;344,399202
1967;Acanthocardia tuberculata;459,198936
1968;Miscellaneous aquatic invertebrates;62,437644
1968;Elasmobranchii;249,750576
1968;Bivalvia;249,750576
1968;Pteriomorphia;228,190872
1968;Scombroidea;936,56466
1968;Mugilidae;3,787977273
1968;Soleidae;62,437644
1968;Palinuridae;936,56466
1968;Epinephelus;499,501152
1968;Epinephelus;0,303038182
1968;Pagellus;62,437644
1968;Torpedo;0,757595455
1968;Loligo;62,437644
1968;Sepia;312,18822
1968;Donax;32,598696
1968;Dicentrarchus labrax;62,437644
1968;Dicentrarchus labrax;72,91098655
1968;Conger conger;624,37644
1968;Conger conger;0,517541679
1968;Pomatomus saltatrix;14,90947855
1968;Dicentrarchus punctatus;25,15216909
1968;Argyrosomus regius;62,437644
1968;Argyrosomus regius;123,9598479
1968;Lichia amia;0,091505647
1968;Seriola dumerili;2,333394
1968;Sparus aurata;60,19155306
1968;Mullus surmuletus;874,127016
1968;Sciaena umbra;0,137258471
1968;Muraena helena;0,699067492
1968;Chelon auratus;0,833355
1968;Diplodus puntazzo;0,681835909
1968;Diplodus vulgaris;62,437644
1968;Diplodus vulgaris;385,4936827
1968;Pagrus pagrus;1,157665274
1968;Balistes capriscus;3,985249187
1968;Chamelea gallina;554,177832
1968;Callista chione;342,286308
1968;Acanthocardia tuberculata;456,381744
1969;Miscellaneous aquatic invertebrates;61,981902
1969;Elasmobranchii;247,927608
1969;Bivalvia;247,927608
1969;Pteriomorphia;226,782276
1969;Scombroidea;929,72853
1969;Mugilidae;3,998420455
1969;Soleidae;61,981902
1969;Palinuridae;929,72853
1969;Epinephelus;495,855216
1969;Epinephelus;0,319873636
1969;Pagellus;61,981902
1969;Torpedo;0,799684091
1969;Loligo;61,981902
1969;Sepia;309,90951
1969;Donax;32,397468
1969;Dicentrarchus labrax;61,981902
1969;Dicentrarchus labrax;76,96159691
1969;Conger conger;619,81902
1969;Conger conger;0,546293995
1969;Pomatomus saltatrix;15,73778291
1969;Dicentrarchus punctatus;26,54951182
1969;Argyrosomus regius;61,981902
1969;Argyrosomus regius;130,8465062
1969;Lichia amia;0,096589294
1969;Seriola dumerili;2,463027
1969;Sparus aurata;63,53552823
1969;Mullus surmuletus;867,746628
1969;Sciaena umbra;0,144883941
1969;Muraena helena;0,737904575
1969;Chelon auratus;0,8796525
1969;Diplodus puntazzo;0,719715682
1969;Diplodus vulgaris;61,981902
1969;Diplodus vulgaris;406,9099984
1969;Pagrus pagrus;1,221980011
1969;Balistes capriscus;4,20665192
1969;Chamelea gallina;550,756956
1969;Callista chione;340,173414
1969;Acanthocardia tuberculata;453,564552
1970;Miscellaneous aquatic invertebrates;61,52616
1970;Elasmobranchii;246,10464
1970;Bivalvia;246,10464
1970;Pteriomorphia;225,37368
1970;Scombroidea;922,8924
1970;Mugilidae;4,208863636
1970;Soleidae;61,52616
1970;Palinuridae;922,8924
1970;Epinephelus;492,20928
1970;Epinephelus;0,336709091
1970;Pagellus;61,52616
1970;Torpedo;0,841772727
1970;Loligo;61,52616
1970;Sepia;307,6308
1970;Donax;32,19624
1970;Dicentrarchus labrax;61,52616
1970;Dicentrarchus labrax;81,01220727
1970;Conger conger;615,2616
1970;Conger conger;0,57504631
1970;Pomatomus saltatrix;16,56608727
1970;Dicentrarchus punctatus;27,94685455
1970;Argyrosomus regius;61,52616
1970;Argyrosomus regius;137,7331644
1970;Lichia amia;0,101672941
1970;Seriola dumerili;2,59266
1970;Sparus aurata;66,8795034
1970;Mullus surmuletus;861,36624
1970;Sciaena umbra;0,152509412
1970;Muraena helena;0,776741658
1970;Chelon auratus;0,92595
1970;Diplodus puntazzo;0,757595455
1970;Diplodus vulgaris;61,52616
1970;Diplodus vulgaris;428,3263141
1970;Pagrus pagrus;1,286294749
1970;Balistes capriscus;4,428054652
1970;Chamelea gallina;547,33608
1970;Callista chione;338,06052
1970;Acanthocardia tuberculata;450,74736
1971;Miscellaneous aquatic invertebrates;61,070418
1971;Elasmobranchii;244,281672
1971;Bivalvia;244,281672
1971;Pteriomorphia;223,965084
1971;Scombroidea;916,05627
1971;Mugilidae;4,419306818
1971;Soleidae;61,070418
1971;Palinuridae;916,05627
1971;Epinephelus;488,563344
1971;Epinephelus;0,353544546
1971;Pagellus;61,070418
1971;Torpedo;0,883861364
1971;Loligo;61,070418
1971;Sepia;305,35209
1971;Donax;31,995012
1971;Dicentrarchus labrax;61,070418
1971;Dicentrarchus labrax;85,06281764
1971;Conger conger;610,70418
1971;Conger conger;0,603798626
1971;Pomatomus saltatrix;17,39439164
1971;Dicentrarchus punctatus;29,34419727
1971;Argyrosomus regius;61,070418
1971;Argyrosomus regius;144,6198226
1971;Lichia amia;0,106756588
1971;Seriola dumerili;2,722293
1971;Sparus aurata;70,22347857
1971;Mullus surmuletus;854,985852
1971;Sciaena umbra;0,160134882
1971;Muraena helena;0,815578741
1971;Chelon auratus;0,9722475
1971;Diplodus puntazzo;0,795475227
1971;Diplodus vulgaris;61,070418
1971;Diplodus vulgaris;449,7426298
1971;Pagrus pagrus;1,350609486
1971;Balistes capriscus;4,649457385
1971;Chamelea gallina;543,915204
1971;Callista chione;335,947626
1971;Acanthocardia tuberculata;447,930168
1972;Miscellaneous aquatic invertebrates;60,614676
1972;Elasmobranchii;242,458704
1972;Bivalvia;242,458704
1972;Pteriomorphia;222,556488
1972;Scombroidea;909,22014
1972;Mugilidae;4,62975
1972;Soleidae;60,614676
1972;Palinuridae;909,22014
1972;Epinephelus;484,917408
1972;Epinephelus;0,37038
1972;Pagellus;60,614676
1972;Torpedo;0,92595
1972;Loligo;60,614676
1972;Sepia;303,07338
1972;Donax;31,793784
1972;Dicentrarchus labrax;60,614676
1972;Dicentrarchus labrax;89,113428
1972;Conger conger;606,14676
1972;Conger conger;0,632550941
1972;Pomatomus saltatrix;18,222696
1972;Dicentrarchus punctatus;30,74154
1972;Argyrosomus regius;60,614676
1972;Argyrosomus regius;151,5064808
1972;Lichia amia;0,111840235
1972;Seriola dumerili;2,851926
1972;Sparus aurata;73,56745374
1972;Mullus surmuletus;848,605464
1972;Sciaena umbra;0,167760353
1972;Muraena helena;0,854415824
1972;Chelon auratus;1,018545
1972;Diplodus puntazzo;0,833355
1972;Diplodus vulgaris;60,614676
1972;Diplodus vulgaris;471,1589455
1972;Pagrus pagrus;1,414924224
1972;Balistes capriscus;4,870860118
1972;Chamelea gallina;540,494328
1972;Callista chione;333,834732
1972;Acanthocardia tuberculata;445,112976
1973;Miscellaneous aquatic invertebrates;60,158934
1973;Elasmobranchii;240,635736
1973;Bivalvia;240,635736
1973;Pteriomorphia;221,147892
1973;Scombroidea;902,38401
1973;Mugilidae;4,840193182
1973;Soleidae;60,158934
1973;Palinuridae;902,38401
1973;Epinephelus;481,271472
1973;Epinephelus;0,387215455
1973;Pagellus;60,158934
1973;Torpedo;0,968038636
1973;Loligo;60,158934
1973;Sepia;300,79467
1973;Donax;31,592556
1973;Dicentrarchus labrax;60,158934
1973;Dicentrarchus labrax;93,16403836
1973;Conger conger;601,58934
1973;Conger conger;0,661303257
1973;Pomatomus saltatrix;19,05100036
1973;Dicentrarchus punctatus;32,13888273
1973;Argyrosomus regius;60,158934
1973;Argyrosomus regius;158,393139
1973;Lichia amia;0,116923882
1973;Seriola dumerili;2,981559
1973;Sparus aurata;76,91142891
1973;Mullus surmuletus;842,225076
1973;Sciaena umbra;0,175385824
1973;Muraena helena;0,893252906
1973;Chelon auratus;1,0648425
1973;Diplodus puntazzo;0,871234773
1973;Diplodus vulgaris;60,158934
1973;Diplodus vulgaris;492,5752612
1973;Pagrus pagrus;1,479238961
1973;Balistes capriscus;5,09226285
1973;Chamelea gallina;537,073452
1973;Callista chione;331,721838
1973;Acanthocardia tuberculata;442,295784
1974;Miscellaneous aquatic invertebrates;59,703192
1974;Elasmobranchii;238,812768
1974;Bivalvia;238,812768
1974;Pteriomorphia;219,739296
1974;Scombroidea;895,54788
1974;Mugilidae;5,050636364
1974;Soleidae;59,703192
1974;Palinuridae;895,54788
1974;Epinephelus;477,625536
1974;Epinephelus;0,404050909
1974;Pagellus;59,703192
1974;Torpedo;1,010127273
1974;Loligo;59,703192
1974;Sepia;298,51596
1974;Donax;31,391328
1974;Dicentrarchus labrax;59,703192
1974;Dicentrarchus labrax;97,21464873
1974;Conger conger;597,03192
1974;Conger conger;0,690055572
1974;Pomatomus saltatrix;19,87930473
1974;Dicentrarchus punctatus;33,53622545
1974;Argyrosomus regius;59,703192
1974;Argyrosomus regius;165,2797973
1974;Lichia amia;0,122007529
1974;Seriola dumerili;3,111192
1974;Sparus aurata;80,25540407
1974;Mullus surmuletus;835,844688
1974;Sciaena umbra;0,183011294
1974;Muraena helena;0,932089989
1974;Chelon auratus;1,11114
1974;Diplodus puntazzo;0,909114546
1974;Diplodus vulgaris;59,703192
1974;Diplodus vulgaris;513,9915769
1974;Pagrus pagrus;1,543553698
1974;Balistes capriscus;5,313665583
1974;Chamelea gallina;533,652576
1974;Callista chione;329,608944
1974;Acanthocardia tuberculata;439,478592
1975;Miscellaneous aquatic invertebrates;59,24745
1975;Elasmobranchii;236,9898
1975;Bivalvia;236,9898
1975;Pteriomorphia;218,3307
1975;Scombroidea;888,71175
1975;Mugilidae;5,261079546
1975;Soleidae;59,24745
1975;Palinuridae;888,71175
1975;Epinephelus;473,9796
1975;Epinephelus;0,420886364
1975;Pagellus;59,24745
1975;Torpedo;1,052215909
1975;Loligo;59,24745
1975;Sepia;296,23725
1975;Donax;31,1901
1975;Dicentrarchus labrax;59,24745
1975;Dicentrarchus labrax;101,2652591
1975;Conger conger;592,4745
1975;Conger conger;0,718807888
1975;Pomatomus saltatrix;20,70760909
1975;Dicentrarchus punctatus;34,93356818
1975;Argyrosomus regius;59,24745
1975;Argyrosomus regius;172,1664555
1975;Lichia amia;0,127091177
1975;Seriola dumerili;3,240825
1975;Sparus aurata;83,59937924
1975;Mullus surmuletus;829,4643
1975;Sciaena umbra;0,190636765
1975;Muraena helena;0,970927072
1975;Chelon auratus;1,1574375
1975;Diplodus puntazzo;0,946994318
1975;Diplodus vulgaris;59,24745
1975;Diplodus vulgaris;535,4078926
1975;Pagrus pagrus;1,607868436
1975;Balistes capriscus;5,535068316
1975;Chamelea gallina;530,2317
1975;Callista chione;327,49605
1975;Acanthocardia tuberculata;436,6614
1976;Miscellaneous aquatic invertebrates;57,02795676
1976;Elasmobranchii;228,111827
1976;Bivalvia;228,111827
1976;Pteriomorphia;216,922104
1976;Scombroidea;855,4193514
1976;Mugilidae;5,471522727
1976;Soleidae;57,02795676
1976;Palinuridae;855,4193514
1976;Epinephelus;456,2236541
1976;Epinephelus;0,437721818
1976;Pagellus;57,02795676
1976;Torpedo;1,094304546
1976;Loligo;57,02795676
1976;Sepia;285,1397838
1976;Donax;30,988872
1976;Dicentrarchus labrax;57,02795676
1976;Dicentrarchus labrax;105,3158695
1976;Conger conger;570,2795676
1976;Conger conger;0,747560203
1976;Pomatomus saltatrix;21,53591345
1976;Dicentrarchus punctatus;36,33091091
1976;Argyrosomus regius;57,02795676
1976;Argyrosomus regius;179,0531137
1976;Lichia amia;0,132174824
1976;Seriola dumerili;3,370458
1976;Sparus aurata;86,94335441
1976;Mullus surmuletus;798,3913946
1976;Sciaena umbra;0,198262235
1976;Muraena helena;1,009764155
1976;Chelon auratus;1,203735
1976;Diplodus puntazzo;0,984874091
1976;Diplodus vulgaris;57,02795676
1976;Diplodus vulgaris;556,8242084
1976;Pagrus pagrus;1,672183173
1976;Balistes capriscus;5,756471048
1976;Chamelea gallina;526,810824
1976;Callista chione;325,383156
1976;Acanthocardia tuberculata;433,844208
1977;Miscellaneous aquatic invertebrates;54,83580804
1977;Elasmobranchii;219,3432322
1977;Bivalvia;219,3432322
1977;Pteriomorphia;215,513508
1977;Scombroidea;822,5371206
1977;Mugilidae;5,681965909
1977;Soleidae;54,83580804
1977;Palinuridae;822,5371206
1977;Epinephelus;438,6864643
1977;Epinephelus;0,454557273
1977;Pagellus;54,83580804
1977;Torpedo;1,136393182
1977;Loligo;54,83580804
1977;Sepia;274,1790402
1977;Donax;30,787644
1977;Dicentrarchus labrax;54,83580804
1977;Dicentrarchus labrax;109,3664798
1977;Conger conger;548,3580804
1977;Conger conger;0,776312519
1977;Pomatomus saltatrix;22,36421782
1977;Dicentrarchus punctatus;37,72825364
1977;Argyrosomus regius;54,83580804
1977;Argyrosomus regius;185,9397719
1977;Lichia amia;0,137258471
1977;Seriola dumerili;3,500091
1977;Sparus aurata;90,28732958
1977;Mullus surmuletus;767,7013126
1977;Sciaena umbra;0,205887706
1977;Muraena helena;1,048601238
1977;Chelon auratus;1,2500325
1977;Diplodus puntazzo;1,022753864
1977;Diplodus vulgaris;54,83580804
1977;Diplodus vulgaris;578,2405241
1977;Pagrus pagrus;1,736497911
1977;Balistes capriscus;5,977873781
1977;Chamelea gallina;523,389948
1977;Callista chione;323,270262
1977;Acanthocardia tuberculata;431,027016
1978;Miscellaneous aquatic invertebrates;52,67100384
1978;Elasmobranchii;210,6840154
1978;Bivalvia;210,6840154
1978;Pteriomorphia;214,104912
1978;Scombroidea;790,0650576
1978;Mugilidae;5,892409091
1978;Soleidae;52,67100384
1978;Palinuridae;790,0650576
1978;Epinephelus;421,3680307
1978;Epinephelus;0,471392727
1978;Pagellus;52,67100384
1978;Torpedo;1,178481818
1978;Loligo;52,67100384
1978;Sepia;263,3550192
1978;Donax;30,586416
1978;Dicentrarchus labrax;52,67100384
1978;Dicentrarchus labrax;113,4170902
1978;Conger conger;526,7100384
1978;Conger conger;0,805064834
1978;Pomatomus saltatrix;23,19252218
1978;Dicentrarchus punctatus;39,12559636
1978;Argyrosomus regius;52,67100384
1978;Argyrosomus regius;192,8264301
1978;Lichia amia;0,142342118
1978;Seriola dumerili;3,629724
1978;Sparus aurata;93,63130475
1978;Mullus surmuletus;737,3940538
1978;Sciaena umbra;0,213513177
1978;Muraena helena;1,087438321
1978;Chelon auratus;1,29633
1978;Diplodus puntazzo;1,060633636
1978;Diplodus vulgaris;52,67100384
1978;Diplodus vulgaris;599,6568398
1978;Pagrus pagrus;1,800812648
1978;Balistes capriscus;6,199276513
1978;Chamelea gallina;519,969072
1978;Callista chione;321,157368
1978;Acanthocardia tuberculata;428,209824
1979;Miscellaneous aquatic invertebrates;50,53354416
1979;Elasmobranchii;202,1341766
1979;Bivalvia;202,1341766
1979;Pteriomorphia;212,696316
1979;Scombroidea;758,0031624
1979;Mugilidae;6,102852273
1979;Soleidae;50,53354416
1979;Palinuridae;758,0031624
1979;Epinephelus;404,2683533
1979;Epinephelus;0,488228182
1979;Pagellus;50,53354416
1979;Torpedo;1,220570455
1979;Loligo;50,53354416
1979;Sepia;252,6677208
1979;Donax;30,385188
1979;Dicentrarchus labrax;50,53354416
1979;Dicentrarchus labrax;117,4677005
1979;Conger conger;505,3354416
1979;Conger conger;0,83381715
1979;Pomatomus saltatrix;24,02082655
1979;Dicentrarchus punctatus;40,52293909
1979;Argyrosomus regius;50,53354416
1979;Argyrosomus regius;199,7130884
1979;Lichia amia;0,147425765
1979;Seriola dumerili;3,759357
1979;Sparus aurata;96,97527992
1979;Mullus surmuletus;707,4696182
1979;Sciaena umbra;0,221138647
1979;Muraena helena;1,126275404
1979;Chelon auratus;1,3426275
1979;Diplodus puntazzo;1,098513409
1979;Diplodus vulgaris;50,53354416
1979;Diplodus vulgaris;621,0731555
1979;Pagrus pagrus;1,865127386
1979;Balistes capriscus;6,420679246
1979;Chamelea gallina;516,548196
1979;Callista chione;319,044474
1979;Acanthocardia tuberculata;425,392632
1980;Miscellaneous aquatic invertebrates;48,423429
1980;Elasmobranchii;193,693716
1980;Bivalvia;193,693716
1980;Pteriomorphia;211,288
1980;Scombroidea;726,351435
1980;Mugilidae;6,313295455
1980;Soleidae;48,423429
1980;Palinuridae;726,351435
1980;Epinephelus;387,387432
1980;Epinephelus;0,505063636
1980;Pagellus;48,423429
1980;Torpedo;1,262659091
1980;Loligo;48,423429
1980;Sepia;242,117145
1980;Donax;30,184
1980;Dicentrarchus labrax;48,423429
1980;Dicentrarchus labrax;121,5183109
1980;Conger conger;484,23429
1980;Conger conger;0,862569465
1980;Pomatomus saltatrix;24,84913091
1980;Dicentrarchus punctatus;41,92028182
1980;Argyrosomus regius;48,423429
1980;Argyrosomus regius;206,5997466
1980;Lichia amia;0,152509412
1980;Seriola dumerili;3,88899
1980;Sparus aurata;100,3192551
1980;Mullus surmuletus;677,928006
1980;Sciaena umbra;0,228764118
1980;Muraena helena;1,165112487
1980;Chelon auratus;1,388925
1980;Diplodus puntazzo;1,136393182
1980;Diplodus vulgaris;48,423429
1980;Diplodus vulgaris;642,4894712
1980;Pagrus pagrus;1,929442123
1980;Balistes capriscus;6,642081979
1980;Chamelea gallina;513,128
1980;Callista chione;316,932
1980;Acanthocardia tuberculata;422,576
1981;Miscellaneous aquatic invertebrates;46,3399056
1981;Elasmobranchii;185,3596224
1981;Bivalvia;185,3596224
1981;Pteriomorphia;205,2512
1981;Scombroidea;695,098584
1981;Mugilidae;6,523738636
1981;Soleidae;46,3399056
1981;Palinuridae;695,098584
1981;Epinephelus;370,7192448
1981;Epinephelus;0,521899091
1981;Pagellus;46,3399056
1981;Torpedo;1,304747727
1981;Loligo;46,3399056
1981;Sepia;231,699528
1981;Donax;29,3216
1981;Dicentrarchus labrax;46,3399056
1981;Dicentrarchus labrax;125,5689213
1981;Conger conger;463,399056
1981;Conger conger;0,891321781
1981;Pomatomus saltatrix;25,67743527
1981;Dicentrarchus punctatus;43,31762455
1981;Argyrosomus regius;46,3399056
1981;Argyrosomus regius;213,4864048
1981;Lichia amia;0,157593059
1981;Seriola dumerili;4,018623
1981;Sparus aurata;103,6632303
1981;Mullus surmuletus;648,7586784
1981;Sciaena umbra;0,236389588
1981;Muraena helena;1,20394957
1981;Chelon auratus;1,4352225
1981;Diplodus puntazzo;1,174272955
1981;Diplodus vulgaris;46,3399056
1981;Diplodus vulgaris;663,9057869
1981;Pagrus pagrus;1,99375686
1981;Balistes capriscus;6,863484711
1981;Chamelea gallina;498,4672
1981;Callista chione;307,8768
1981;Acanthocardia tuberculata;410,5024
1982;Miscellaneous aquatic invertebrates;42,4906398
1982;Elasmobranchii;169,9625592
1982;Bivalvia;169,9625592
1982;Pteriomorphia;199,2144
1982;Scombroidea;637,359597
1982;Mugilidae;6,734181818
1982;Soleidae;42,4906398
1982;Palinuridae;637,359597
1982;Epinephelus;339,9251184
1982;Epinephelus;0,538734546
1982;Pagellus;42,4906398
1982;Torpedo;1,346836364
1982;Loligo;42,4906398
1982;Sepia;212,453199
1982;Donax;28,4592
1982;Dicentrarchus labrax;42,4906398
1982;Dicentrarchus labrax;129,6195316
1982;Conger conger;424,906398
1982;Conger conger;0,920074096
1982;Pomatomus saltatrix;26,50573964
1982;Dicentrarchus punctatus;44,71496727
1982;Argyrosomus regius;42,4906398
1982;Argyrosomus regius;220,373063
1982;Lichia amia;0,162676706
1982;Seriola dumerili;4,148256
1982;Sparus aurata;107,0072054
1982;Mullus surmuletus;594,8689572
1982;Sciaena umbra;0,244015059
1982;Muraena helena;1,242786652
1982;Chelon auratus;1,48152
1982;Diplodus puntazzo;1,212152727
1982;Diplodus vulgaris;42,4906398
1982;Diplodus vulgaris;685,3221026
1982;Pagrus pagrus;2,058071598
1982;Balistes capriscus;7,084887444
1982;Chamelea gallina;483,8064
1982;Callista chione;298,8216
1982;Acanthocardia tuberculata;398,4288
1983;Miscellaneous aquatic invertebrates;46,24676532
1983;Elasmobranchii;184,9870613
1983;Bivalvia;184,9870613
1983;Pteriomorphia;193,1776
1983;Scombroidea;693,7014798
1983;Mugilidae;6,944625
1983;Soleidae;46,24676532
1983;Palinuridae;693,7014798
1983;Epinephelus;369,9741226
1983;Epinephelus;0,55557
1983;Pagellus;46,24676532
1983;Torpedo;1,388925
1983;Loligo;46,24676532
1983;Sepia;231,2338266
1983;Donax;27,5968
1983;Dicentrarchus labrax;46,24676532
1983;Dicentrarchus labrax;133,670142
1983;Conger conger;462,4676532
1983;Conger conger;0,948826412
1983;Pomatomus saltatrix;27,334044
1983;Dicentrarchus punctatus;46,11231
1983;Argyrosomus regius;46,24676532
1983;Argyrosomus regius;227,2597212
1983;Lichia amia;0,167760353
1983;Seriola dumerili;4,277889
1983;Sparus aurata;110,3511806
1983;Mullus surmuletus;647,4547145
1983;Sciaena umbra;0,251640529
1983;Muraena helena;1,281623735
1983;Chelon auratus;1,5278175
1983;Diplodus puntazzo;1,2500325
1983;Diplodus vulgaris;46,24676532
1983;Diplodus vulgaris;706,7384183
1983;Pagrus pagrus;2,122386335
1983;Balistes capriscus;7,306290177
1983;Chamelea gallina;469,1456
1983;Callista chione;289,7664
1983;Acanthocardia tuberculata;386,3552
1984;Miscellaneous aquatic invertebrates;59,78019052
1984;Elasmobranchii;239,1207621
1984;Bivalvia;239,1207621
1984;Pteriomorphia;187,1408
1984;Scombroidea;896,7028579
1984;Mugilidae;7,155068182
1984;Soleidae;59,78019052
1984;Palinuridae;896,7028579
1984;Epinephelus;478,2415242
1984;Epinephelus;0,572405455
1984;Pagellus;59,78019052
1984;Torpedo;1,431013636
1984;Loligo;59,78019052
1984;Sepia;298,9009526
1984;Donax;26,7344
1984;Dicentrarchus labrax;59,78019052
1984;Dicentrarchus labrax;137,7207524
1984;Conger conger;597,8019052
1984;Conger conger;0,977578727
1984;Pomatomus saltatrix;28,16234836
1984;Dicentrarchus punctatus;47,50965273
1984;Argyrosomus regius;59,78019052
1984;Argyrosomus regius;234,1463795
1984;Lichia amia;0,172844
1984;Seriola dumerili;4,407522
1984;Sparus aurata;113,6951558
1984;Mullus surmuletus;836,9226673
1984;Sciaena umbra;0,259266
1984;Muraena helena;1,320460818
1984;Chelon auratus;1,574115
1984;Diplodus puntazzo;1,287912273
1984;Diplodus vulgaris;59,78019052
1984;Diplodus vulgaris;728,154734
1984;Pagrus pagrus;2,186701073
1984;Balistes capriscus;7,527692909
1984;Chamelea gallina;454,4848
1984;Callista chione;280,7112
1984;Acanthocardia tuberculata;374,2816
1985;Miscellaneous aquatic invertebrates;53,8318872
1985;Elasmobranchii;215,3275488
1985;Bivalvia;215,3275488
1985;Pteriomorphia;181,104
1985;Scombroidea;807,478308
1985;Mugilidae;7,365511364
1985;Soleidae;53,8318872
1985;Palinuridae;807,478308
1985;Epinephelus;430,6550976
1985;Epinephelus;0,589240909
1985;Pagellus;53,8318872
1985;Torpedo;1,473102273
1985;Loligo;53,8318872
1985;Sepia;269,159436
1985;Donax;25,872
1985;Dicentrarchus labrax;53,8318872
1985;Dicentrarchus labrax;141,7713627
1985;Conger conger;538,318872
1985;Conger conger;1,006331043
1985;Pomatomus saltatrix;28,99065273
1985;Dicentrarchus punctatus;48,90699545
1985;Argyrosomus regius;53,8318872
1985;Argyrosomus regius;241,0330377
1985;Lichia amia;0,177927647
1985;Seriola dumerili;4,537155
1985;Sparus aurata;117,0391309
1985;Mullus surmuletus;753,6464208
1985;Sciaena umbra;0,266891471
1985;Muraena helena;1,359297901
1985;Chelon auratus;1,6204125
1985;Diplodus puntazzo;1,325792046
1985;Diplodus vulgaris;53,8318872
1985;Diplodus vulgaris;749,5710497
1985;Pagrus pagrus;2,25101581
1985;Balistes capriscus;7,749095642
1985;Chamelea gallina;439,824
1985;Callista chione;271,656
1985;Acanthocardia tuberculata;362,208
1986;Miscellaneous aquatic invertebrates;50,8131819
1986;Elasmobranchii;203,2527276
1986;Bivalvia;203,2527276
1986;Pteriomorphia;175,0672
1986;Scombroidea;762,1977285
1986;Mugilidae;7,575954546
1986;Soleidae;50,8131819
1986;Palinuridae;762,1977285
1986;Epinephelus;406,5054552
1986;Epinephelus;0,606076364
1986;Pagellus;50,8131819
1986;Torpedo;1,515190909
1986;Loligo;50,8131819
1986;Sepia;254,0659095
1986;Donax;25,0096
1986;Dicentrarchus labrax;50,8131819
1986;Dicentrarchus labrax;145,8219731
1986;Conger conger;508,131819
1986;Conger conger;1,035083358
1986;Pomatomus saltatrix;29,81895709
1986;Dicentrarchus punctatus;50,30433818
1986;Argyrosomus regius;50,8131819
1986;Argyrosomus regius;247,9196959
1986;Lichia amia;0,183011294
1986;Seriola dumerili;4,666788
1986;Sparus aurata;120,3831061
1986;Mullus surmuletus;711,3845466
1986;Sciaena umbra;0,274516941
1986;Muraena helena;1,398134984
1986;Chelon auratus;1,66671
1986;Diplodus puntazzo;1,363671818
1986;Diplodus vulgaris;50,8131819
1986;Diplodus vulgaris;770,9873654
1986;Pagrus pagrus;2,315330548
1986;Balistes capriscus;7,970498374
1986;Chamelea gallina;425,1632
1986;Callista chione;262,6008
1986;Acanthocardia tuberculata;350,1344
1987;Miscellaneous aquatic invertebrates;47,85732288
1987;Elasmobranchii;191,4292915
1987;Bivalvia;191,4292915
1987;Pteriomorphia;169,0304
1987;Scombroidea;717,8598432
1987;Mugilidae;7,786397727
1987;Soleidae;47,85732288
1987;Palinuridae;717,8598432
1987;Epinephelus;382,858583
1987;Epinephelus;0,622911818
1987;Pagellus;47,85732288
1987;Torpedo;1,557279546
1987;Loligo;47,85732288
1987;Sepia;239,2866144
1987;Donax;24,1472
1987;Dicentrarchus labrax;47,85732288
1987;Dicentrarchus labrax;149,8725835
1987;Conger conger;478,5732288
1987;Conger conger;1,063835674
1987;Pomatomus saltatrix;30,64726145
1987;Dicentrarchus punctatus;51,70168091
1987;Argyrosomus regius;47,85732288
1987;Argyrosomus regius;254,8063541
1987;Lichia amia;0,188094941
1987;Seriola dumerili;4,796421
1987;Sparus aurata;123,7270813
1987;Mullus surmuletus;670,0025203
1987;Sciaena umbra;0,282142412
1987;Muraena helena;1,436972067
1987;Chelon auratus;1,7130075
1987;Diplodus puntazzo;1,401551591
1987;Diplodus vulgaris;47,85732288
1987;Diplodus vulgaris;792,4036811
1987;Pagrus pagrus;2,379645285
1987;Balistes capriscus;8,191901107
1987;Chamelea gallina;410,5024
1987;Callista chione;253,5456
1987;Acanthocardia tuberculata;338,0608
1988;Miscellaneous aquatic invertebrates;44,96443407
1988;Elasmobranchii;179,8577363
1988;Bivalvia;179,8577363
1988;Pteriomorphia;162,9936
1988;Scombroidea;674,4665111
1988;Mugilidae;7,996840909
1988;Soleidae;44,96443407
1988;Palinuridae;674,4665111
1988;Epinephelus;359,7154726
1988;Epinephelus;0,639747273
1988;Pagellus;44,96443407
1988;Torpedo;1,599368182
1988;Loligo;44,96443407
1988;Sepia;224,8221704
1988;Donax;23,2848
1988;Dicentrarchus labrax;44,96443407
1988;Dicentrarchus labrax;153,9231938
1988;Conger conger;449,6443407
1988;Conger conger;1,092587989
1988;Pomatomus saltatrix;31,47556582
1988;Dicentrarchus punctatus;53,09902364
1988;Argyrosomus regius;44,96443407
1988;Argyrosomus regius;261,6930123
1988;Lichia amia;0,193178588
1988;Seriola dumerili;4,926054
1988;Sparus aurata;127,0710565
1988;Mullus surmuletus;629,502077
1988;Sciaena umbra;0,289767882
1988;Muraena helena;1,47580915
1988;Chelon auratus;1,759305
1988;Diplodus puntazzo;1,439431364
1988;Diplodus vulgaris;44,96443407
1988;Diplodus vulgaris;813,8199968
1988;Pagrus pagrus;2,443960022
1988;Balistes capriscus;8,41330384
1988;Chamelea gallina;395,8416
1988;Callista chione;244,4904
1988;Acanthocardia tuberculata;325,9872
1989;Miscellaneous aquatic invertebrates;45,5262822
1989;Elasmobranchii;182,1051288
1989;Bivalvia;182,1051288
1989;Pteriomorphia;156,9568
1989;Scombroidea;682,894233
1989;Mugilidae;8,207284091
1989;Soleidae;45,5262822
1989;Palinuridae;682,894233
1989;Epinephelus;364,2102576
1989;Epinephelus;0,656582727
1989;Pagellus;45,5262822
1989;Torpedo;1,641456818
1989;Loligo;45,5262822
1989;Sepia;227,631411
1989;Donax;22,4224
1989;Dicentrarchus labrax;45,5262822
1989;Dicentrarchus labrax;157,9738042
1989;Conger conger;455,262822
1989;Conger conger;1,121340305
1989;Pomatomus saltatrix;32,30387018
1989;Dicentrarchus punctatus;54,49636636
1989;Argyrosomus regius;45,5262822
1989;Argyrosomus regius;268,5796706
1989;Lichia amia;0,198262235
1989;Seriola dumerili;5,055687
1989;Sparus aurata;130,4150316
1989;Mullus surmuletus;637,3679508
1989;Sciaena umbra;0,297393353
1989;Muraena helena;1,514646233
1989;Chelon auratus;1,8056025
1989;Diplodus puntazzo;1,477311136
1989;Diplodus vulgaris;45,5262822
1989;Diplodus vulgaris;835,2363125
1989;Pagrus pagrus;2,50827476
1989;Balistes capriscus;8,634706572
1989;Chamelea gallina;381,1808
1989;Callista chione;235,4352
1989;Acanthocardia tuberculata;313,9136
1990;Miscellaneous aquatic invertebrates;45,7020333
1990;Elasmobranchii;182,8081332
1990;Bivalvia;182,8081332
1990;Pteriomorphia;150,92
1990;Scombroidea;685,5304995
1990;Soleidae;45,7020333
1990;Palinuridae;685,5304995
1990;Epinephelus;365,6162664
1990;Pagellus;45,7020333
1990;Loligo;45,7020333
1990;Sepia;228,5101665
1990;Donax;21,56
1990;Dicentrarchus labrax;45,7020333
1990;Conger conger;457,020333
1990;Argyrosomus regius;45,7020333
1990;Mullus surmuletus;639,8284662
1990;Diplodus vulgaris;45,7020333
1990;Chamelea gallina;366,52
1990;Callista chione;226,38
1990;Acanthocardia tuberculata;301,84
1991;Miscellaneous aquatic invertebrates;45,5079222
1991;Elasmobranchii;182,0316888
1991;Bivalvia;182,0316888
1991;Pteriomorphia;148,22402
1991;Scombroidea;682,618833
1991;Soleidae;45,5079222
1991;Palinuridae;682,618833
1991;Epinephelus;364,0633776
1991;Pagellus;45,5079222
1991;Loligo;45,5079222
1991;Sepia;227,539611
1991;Donax;21,17486
1991;Dicentrarchus labrax;45,5079222
1991;Conger conger;455,079222
1991;Argyrosomus regius;45,5079222
1991;Mullus surmuletus;637,1109108
1991;Diplodus vulgaris;45,5079222
1991;Chamelea gallina;359,97262
1991;Callista chione;222,33603
1991;Acanthocardia tuberculata;296,44804
1992;Miscellaneous aquatic invertebrates;44,96018373
1992;Elasmobranchii;179,8407349
1992;Bivalvia;179,8407349
1992;Pteriomorphia;96,8778118
1992;Scombroidea;674,402756
1992;Soleidae;44,96018373
1992;Palinuridae;674,402756
1992;Epinephelus;359,6814698
1992;Pagellus;44,96018373
1992;Loligo;44,96018373
1992;Sepia;224,8009187
1992;Donax;13,8396874
1992;Dicentrarchus labrax;44,96018373
1992;Conger conger;449,6018373
1992;Argyrosomus regius;44,96018373
1992;Mullus surmuletus;629,4425722
1992;Diplodus vulgaris;44,96018373
1992;Chamelea gallina;235,2746858
1992;Callista chione;145,3167177
1992;Acanthocardia tuberculata;193,7556236
1993;Miscellaneous aquatic invertebrates;44,07505272
1993;Elasmobranchii;176,3002109
1993;Bivalvia;176,3002109
1993;Pteriomorphia;95,080776
1993;Scombroidea;661,1257908
1993;Soleidae;44,07505272
1993;Palinuridae;661,1257908
1993;Epinephelus;352,6004218
1993;Pagellus;44,07505272
1993;Loligo;44,07505272
1993;Sepia;220,3752636
1993;Donax;13,582968
1993;Dicentrarchus labrax;44,07505272
1993;Conger conger;440,7505272
1993;Argyrosomus regius;44,07505272
1993;Mullus surmuletus;617,0507381
1993;Diplodus vulgaris;44,07505272
1993;Chamelea gallina;230,910456
1993;Callista chione;142,621164
1993;Acanthocardia tuberculata;190,161552
1994;Miscellaneous aquatic invertebrates;42,868764
1994;Elasmobranchii;171,475056
1994;Bivalvia;171,475056
1994;Pteriomorphia;93,2837402
1994;Scombroidea;643,03146
1994;Soleidae;42,868764
1994;Palinuridae;643,03146
1994;Epinephelus;342,950112
1994;Pagellus;42,868764
1994;Loligo;42,868764
1994;Sepia;214,34382
1994;Donax;13,3262486
1994;Dicentrarchus labrax;42,868764
1994;Conger conger;428,68764
1994;Argyrosomus regius;42,868764
1994;Mullus surmuletus;600,162696
1994;Diplodus vulgaris;42,868764
1994;Chamelea gallina;226,5462262
1994;Callista chione;139,9256103
1994;Acanthocardia tuberculata;186,5674804
1995;Miscellaneous aquatic invertebrates;41,53010702
1995;Elasmobranchii;166,1204281
1995;Bivalvia;166,1204281
1995;Pteriomorphia;91,4867044
1995;Scombroidea;622,9516054
1995;Soleidae;41,53010702
1995;Palinuridae;622,9516054
1995;Epinephelus;332,2408562
1995;Pagellus;41,53010702
1995;Loligo;41,53010702
1995;Sepia;207,6505351
1995;Donax;13,0695292
1995;Dicentrarchus labrax;41,53010702
1995;Conger conger;415,3010702
1995;Argyrosomus regius;41,53010702
1995;Mullus surmuletus;581,4214983
1995;Diplodus vulgaris;41,53010702
1995;Chamelea gallina;222,1819964
1995;Callista chione;137,2300566
1995;Acanthocardia tuberculata;182,9734088
1996;Miscellaneous aquatic invertebrates;39,87149859
1996;Elasmobranchii;159,4859944
1996;Bivalvia;159,4859944
1996;Pteriomorphia;89,6896686
1996;Scombroidea;598,0724789
1996;Soleidae;39,87149859
1996;Palinuridae;598,0724789
1996;Epinephelus;318,9719887
1996;Pagellus;39,87149859
1996;Loligo;39,87149859
1996;Sepia;199,357493
1996;Donax;12,8128098
1996;Dicentrarchus labrax;39,87149859
1996;Conger conger;398,7149859
1996;Argyrosomus regius;39,87149859
1996;Mullus surmuletus;558,2009803
1996;Diplodus vulgaris;39,87149859
1996;Chamelea gallina;217,8177666
1996;Callista chione;134,5345029
1996;Acanthocardia tuberculata;179,3793372
1997;Miscellaneous aquatic invertebrates;37,91048223
1997;Elasmobranchii;151,6419289
1997;Bivalvia;151,6419289
1997;Pteriomorphia;87,8926328
1997;Scombroidea;568,6572334
1997;Soleidae;37,91048223
1997;Palinuridae;568,6572334
1997;Epinephelus;303,2838578
1997;Pagellus;37,91048223
1997;Loligo;37,91048223
1997;Sepia;189,5524111
1997;Donax;12,5560904
1997;Dicentrarchus labrax;37,91048223
1997;Conger conger;379,1048223
1997;Argyrosomus regius;37,91048223
1997;Mullus surmuletus;530,7467512
1997;Diplodus vulgaris;37,91048223
1997;Chamelea gallina;213,4535368
1997;Callista chione;131,8389492
1997;Acanthocardia tuberculata;175,7852656
1998;Miscellaneous aquatic invertebrates;35,66458968
1998;Elasmobranchii;142,6583587
1998;Bivalvia;142,6583587
1998;Pteriomorphia;86,095597
1998;Scombroidea;534,9688452
1998;Soleidae;35,66458968
1998;Palinuridae;534,9688452
1998;Epinephelus;285,3167174
1998;Pagellus;35,66458968
1998;Loligo;35,66458968
1998;Sepia;178,3229484
1998;Donax;12,299371
1998;Dicentrarchus labrax;35,66458968
1998;Conger conger;356,6458968
1998;Argyrosomus regius;35,66458968
1998;Mullus surmuletus;499,3042555
1998;Diplodus vulgaris;35,66458968
1998;Chamelea gallina;209,089307
1998;Callista chione;129,1433955
1998;Acanthocardia tuberculata;172,191194
1999;Miscellaneous aquatic invertebrates;32,99124006
1999;Elasmobranchii;131,9649602
1999;Bivalvia;131,9649602
1999;Pteriomorphia;100,7048
1999;Scombroidea;494,8686009
1999;Soleidae;32,99124006
1999;Palinuridae;494,8686009
1999;Epinephelus;263,9299205
1999;Pagellus;32,99124006
1999;Loligo;32,99124006
1999;Sepia;164,9562003
1999;Donax;14,3864
1999;Dicentrarchus labrax;32,99124006
1999;Conger conger;329,9124006
1999;Argyrosomus regius;32,99124006
1999;Mullus surmuletus;461,8773608
1999;Diplodus vulgaris;32,99124006
1999;Chamelea gallina;244,5688
1999;Callista chione;151,0572
1999;Acanthocardia tuberculata;201,4096
2000;Miscellaneous aquatic invertebrates;34,07602613
2000;Elasmobranchii;136,3041045
2000;Bivalvia;136,3041045
2000;Pteriomorphia;82,5015254
2000;Scombroidea;511,1403919
2000;Soleidae;34,07602613
2000;Palinuridae;511,1403919
2000;Epinephelus;272,608209
2000;Pagellus;34,07602613
2000;Loligo;34,07602613
2000;Sepia;170,3801306
2000;Donax;11,7859322
2000;Dicentrarchus labrax;34,07602613
2000;Conger conger;340,7602613
2000;Argyrosomus regius;34,07602613
2000;Mullus surmuletus;477,0643658
2000;Diplodus vulgaris;34,07602613
2000;Chamelea gallina;200,3608474
2000;Callista chione;123,7522881
2000;Acanthocardia tuberculata;165,0030508
2001;Miscellaneous aquatic invertebrates;35,0999748
2001;Elasmobranchii;140,3998992
2001;Bivalvia;140,3998992
2001;Pteriomorphia;75,05863904
2001;Scombroidea;526,499622
2001;Soleidae;35,0999748
2001;Palinuridae;526,499622
2001;Epinephelus;280,7997984
2001;Pagellus;35,0999748
2001;Loligo;35,0999748
2001;Sepia;175,499874
2001;Donax;10,72266272
2001;Dicentrarchus labrax;35,0999748
2001;Conger conger;350,999748
2001;Argyrosomus regius;35,0999748
2001;Mullus surmuletus;491,3996472
2001;Diplodus vulgaris;35,0999748
2001;Chamelea gallina;182,2852662
2001;Callista chione;112,5879586
2001;Acanthocardia tuberculata;150,1172781
2002;Miscellaneous aquatic invertebrates;36,06302756
2002;Elasmobranchii;144,2521103
2002;Bivalvia;144,2521103
2002;Pteriomorphia;67,86718344
2002;Scombroidea;540,9454134
2002;Soleidae;36,06302756
2002;Palinuridae;540,9454134
2002;Epinephelus;288,5042205
2002;Pagellus;36,06302756
2002;Loligo;36,06302756
2002;Sepia;180,3151378
2002;Donax;9,69531192
2002;Dicentrarchus labrax;36,06302756
2002;Conger conger;360,6302756
2002;Argyrosomus regius;36,06302756
2002;Mullus surmuletus;504,8823859
2002;Diplodus vulgaris;36,06302756
2002;Chamelea gallina;164,8203026
2002;Callista chione;101,8007752
2002;Acanthocardia tuberculata;135,7343669
2003;Miscellaneous aquatic invertebrates;49,49195155
2003;Elasmobranchii;197,9678062
2003;Bivalvia;197,9678062
2003;Pteriomorphia;60,9271586
2003;Scombroidea;742,3792732
2003;Soleidae;49,49195155
2003;Palinuridae;742,3792732
2003;Epinephelus;395,9356124
2003;Pagellus;49,49195155
2003;Loligo;49,49195155
2003;Sepia;247,4597577
2003;Donax;8,7038798
2003;Dicentrarchus labrax;49,49195155
2003;Conger conger;494,9195155
2003;Argyrosomus regius;49,49195155
2003;Mullus surmuletus;692,8873217
2003;Diplodus vulgaris;49,49195155
2003;Chamelea gallina;147,9659566
2003;Callista chione;91,3907379
2003;Acanthocardia tuberculata;121,8543172
2004;Miscellaneous aquatic invertebrates;62,37082256
2004;Elasmobranchii;249,4832902
2004;Bivalvia;249,4832902
2004;Pteriomorphia;54,23856452
2004;Scombroidea;935,5623383
2004;Soleidae;62,37082256
2004;Palinuridae;935,5623383
2004;Epinephelus;498,9665804
2004;Pagellus;62,37082256
2004;Loligo;62,37082256
2004;Sepia;311,8541128
2004;Donax;7,74836636
2004;Dicentrarchus labrax;62,37082256
2004;Conger conger;623,7082256
2004;Argyrosomus regius;62,37082256
2004;Mullus surmuletus;873,1915158
2004;Diplodus vulgaris;62,37082256
2004;Chamelea gallina;131,7222281
2004;Callista chione;81,35784678
2004;Acanthocardia tuberculata;108,477129
2005;Miscellaneous aquatic invertebrates;60,63951112
2005;Elasmobranchii;242,5580445
2005;Bivalvia;242,5580445
2005;Pteriomorphia;47,8014012
2005;Scombroidea;909,5926668
2005;Soleidae;60,63951112
2005;Palinuridae;909,5926668
2005;Epinephelus;485,116089
2005;Pagellus;60,63951112
2005;Loligo;60,63951112
2005;Sepia;303,1975556
2005;Donax;6,8287716
2005;Dicentrarchus labrax;60,63951112
2005;Conger conger;606,3951112
2005;Argyrosomus regius;60,63951112
2005;Mullus surmuletus;848,9531557
2005;Diplodus vulgaris;60,63951112
2005;Chamelea gallina;116,0891172
2005;Callista chione;71,7021018
2005;Acanthocardia tuberculata;95,6028024
2006;Miscellaneous aquatic invertebrates;58,9269451
2006;Elasmobranchii;235,7077804
2006;Bivalvia;235,7077804
2006;Pteriomorphia;41,61566864
2006;Scombroidea;883,9041764
2006;Soleidae;58,9269451
2006;Palinuridae;883,9041764
2006;Epinephelus;471,4155608
2006;Pagellus;58,9269451
2006;Loligo;58,9269451
2006;Sepia;294,6347255
2006;Donax;5,94509552
2006;Dicentrarchus labrax;58,9269451
2006;Conger conger;589,269451
2006;Argyrosomus regius;58,9269451
2006;Mullus surmuletus;824,9772313
2006;Diplodus vulgaris;58,9269451
2006;Chamelea gallina;101,0666238
2006;Callista chione;62,42350296
2006;Acanthocardia tuberculata;83,23133728
2007;Miscellaneous aquatic invertebrates;57,23323632
2007;Elasmobranchii;228,9329453
2007;Bivalvia;228,9329453
2007;Pteriomorphia;35,68136684
2007;Scombroidea;858,4985448
2007;Soleidae;57,23323632
2007;Palinuridae;858,4985448
2007;Epinephelus;457,8658906
2007;Pagellus;57,23323632
2007;Loligo;57,23323632
2007;Sepia;286,1661816
2007;Donax;5,09733812
2007;Dicentrarchus labrax;57,23323632
2007;Conger conger;572,3323632
2007;Argyrosomus regius;57,23323632
2007;Mullus surmuletus;801,2653085
2007;Diplodus vulgaris;57,23323632
2007;Chamelea gallina;86,65474804
2007;Callista chione;53,52205026
2007;Acanthocardia tuberculata;71,36273368
2008;Miscellaneous aquatic invertebrates;55,56181967
2008;Elasmobranchii;222,2472787
2008;Bivalvia;222,2472787
2008;Pteriomorphia;29,9984958
2008;Scombroidea;833,4272951
2008;Soleidae;55,56181967
2008;Palinuridae;833,4272951
2008;Epinephelus;444,4945574
2008;Pagellus;55,56181967
2008;Loligo;55,56181967
2008;Sepia;277,8090984
2008;Donax;4,2854994
2008;Dicentrarchus labrax;55,56181967
2008;Conger conger;555,6181967
2008;Argyrosomus regius;55,56181967
2008;Mullus surmuletus;777,8654754
2008;Diplodus vulgaris;55,56181967
2008;Chamelea gallina;72,8534898
2008;Callista chione;44,9977437
2008;Acanthocardia tuberculata;59,9969916
2009;Miscellaneous aquatic invertebrates;53,90926028
2009;Elasmobranchii;215,6370411
2009;Bivalvia;215,6370411
2009;Pteriomorphia;24,56705552
2009;Scombroidea;808,6389042
2009;Soleidae;53,90926028
2009;Palinuridae;808,6389042
2009;Epinephelus;431,2740822
2009;Pagellus;53,90926028
2009;Loligo;53,90926028
2009;Sepia;269,5463014
2009;Donax;3,50957936
2009;Dicentrarchus labrax;53,90926028
2009;Conger conger;539,0926028
2009;Argyrosomus regius;53,90926028
2009;Mullus surmuletus;754,7296439
2009;Diplodus vulgaris;53,90926028
2009;Chamelea gallina;59,66284912
2009;Callista chione;36,85058328
2009;Acanthocardia tuberculata;49,13411104
2010;Miscellaneous marine crustaceans;223,4488463
2010;Miscellaneous aquatic invertebrates;52,27670309
2010;Elasmobranchii;58,87725444
2010;Elasmobranchii;209,1068124
2010;Chondrichthyes;2142
2010;Cephalopoda;304,4702218
2010;Bivalvia;209,1068124
2010;Pteriomorphia;19,35239042
2010;Scombroidea;784,1505464
2010;Pleuronectiformes;1634,5576
2010;Pleuronectiformes;1031,563354
2010;Teuthida;1532,5054
2010;Teuthida;1575,527251
2010;Sepiida;241,2409155
2010;Octopoda;12976,9922
2010;Octopoda;13267,69802
2010;Dendrobranchiata;3072,7616
2010;Dendrobranchiata;555,9046
2010;Gadidae;128,6284454
2010;Haemulidae;128,6284454
2010;Sparidae;251,9972174
2010;Sciaenidae;767,3292
2010;Sciaenidae;694,8674454
2010;Trichiuridae;128,6284454
2010;Scombridae;653,1261355
2010;Bothidae;24,9748
2010;Soleidae;52,27670309
2010;Peristediidae;560,6412
2010;Peristediidae;827,1826
2010;Sepiidae;8086,2374
2010;Sepiidae;1632,8352
2010;Palinuridae;111,5254
2010;Palinuridae;784,1505464
2010;Scyllaridae;13,3486
2010;Lophius;153,2936
2010;Trachinus;276,8758
2010;Trachinus;52,1026
2010;Scorpaena;275,1534
2010;Alosa;0,8612
2010;Epinephelus;27,1278
2010;Epinephelus;0,8612
2010;Epinephelus;418,2136248
2010;Gymnothorax;46,0742
2010;Caranx;697,2618448
2010;Caranx;649,9245368
2010;Plectorhinchus;1249,6012
2010;Scomberomorus;2091,785534
2010;Scomberomorus;2231,514296
2010;Merluccius;128,6284454
2010;Trachurus;7771,8994
2010;Pagrus;559,78
2010;Pagellus;787,5674
2010;Pagellus;52,27670309
2010;Auxis;8,1814
2010;Sardinella;3,4448
2010;Dicentrarchus;75,7856
2010;Liza;572,2674
2010;Phycis;173,1012
2010;Phycis;13,7792
2010;Loligo;52,27670309
2010;Sepia;261,3835155
2010;Donax;2,764627202
2010;Argentina sphyraena;24,5442
2010;Argentina sphyraena;264,2016
2010;Merluccius merluccius;1699,1476
2010;Merluccius merluccius;620,9252
2010;Anguilla anguilla;3,8754
2010;Dicentrarchus labrax;52,27670309
2010;Engraulis encrasicolus;12720,3546
2010;Engraulis encrasicolus;1395,897035
2010;Acanthocybium solandri;30,5726
2010;Orcynopsis unicolor;85,6894
2010;Orcynopsis unicolor;31,8644
2010;Sarda sarda;1473,0826
2010;Boops boops;1121,713
2010;Boops boops;1252,1848
2010;Sarpa salpa;33,5868
2010;Conger conger;617,0498
2010;Conger conger;522,7670309
2010;Pomatomus saltatrix;100,3298
2010;Plectorhinchus mediterraneus;1991,525
2010;Plectorhinchus mediterraneus;46,0742
2010;Argyrosomus regius;52,27670309
2010;Pagellus bellottii;10,765
2010;Solea solea;1402,4642
2010;Solea solea;323,8112
2010;Lithognathus mormyrus;102,9134
2010;Lithognathus mormyrus;38,3234
2010;Mullus barbatus barbatus;412,5148
2010;Pagellus acarne;566,239
2010;Pagellus erythrinus;548,5844
2010;Sardinella aurita;305,726
2010;Sardinella maderensis;19591,4388
2010;Sparus aurata;145,9734
2010;Trichiurus lepturus;2461,3096
2010;Mullus surmuletus;731,8738433
2010;Sardina pilchardus;326983,8608
2010;Sardina pilchardus;7011,0292
2010;Sardina pilchardus;5375,888823
2010;Sardina pilchardus;30594,47721
2010;Spondyliosoma cantharus;404,764
2010;Spondyliosoma cantharus;72,7714
2010;Trisopterus luscus;205,8268
2010;Trisopterus luscus;221,759
2010;Zeus faber;579,157
2010;Diplodus sargus sargus;937,4162
2010;Diplodus vulgaris;52,27670309
2010;Campogramma glaycos;329,8396
2010;Umbrina canariensis;236,3994
2010;Scomber colias;32390,5932
2010;Scomber colias;3005,1574
2010;Parapenaeus longirostris;70,52258985
2010;Homarus gammarus;13,3486
2010;Nephrops norvegicus;0,8612
2010;Nephrops norvegicus;5,1672
2010;Maja squinado;1,7224
2010;Chamelea gallina;46,99866244
2010;Callista chione;29,02858563
2010;Acanthocardia tuberculata;38,70478083
2011;Miscellaneous marine crustaceans;187,9959693
2011;Miscellaneous aquatic invertebrates;35,60102329
2011;Elasmobranchii;49,53566198
2011;Elasmobranchii;142,4040931
2011;Chondrichthyes;1029,155962
2011;Cephalopoda;256,1623183
2011;Bivalvia;142,4040931
2011;Scombroidea;534,0153493
2011;Pleuronectiformes;864,5943975
2011;Pleuronectiformes;212,5286299
2011;Teuthida;2881,119746
2011;Teuthida;485,0609221
2011;Sepiida;202,9651104
2011;Octopoda;13249,79067
2011;Octopoda;1163,324076
2011;Dendrobranchiata;4536,643548
2011;Gadidae;108,2199782
2011;Haemulidae;108,2199782
2011;Sparidae;212,0147942
2011;Sciaenidae;326,9691817
2011;Sciaenidae;108,2199782
2011;Trichiuridae;108,2199782
2011;Scombridae;549,4997311
2011;Bothidae;21,53947179
2011;Soleidae;35,60102329
2011;Peristediidae;507,4699553
2011;Sepiidae;8658,006079
2011;Palinuridae;130,0984096
2011;Palinuridae;534,0153493
2011;Scyllaridae;62,89525762
2011;Cardiidae;38,95356444
2011;Lophius;154,6534074
2011;Trachinus;333,0002338
2011;Scorpaena;257,6120826
2011;Alosa;0,25
2011;Epinephelus;17,23157743
2011;Epinephelus;284,8081863
2011;Gymnothorax;70,21867802
2011;Caranx;586,6327733
2011;Caranx;546,8061049
2011;Plectorhinchus;1602,96749
2011;Scomberomorus;1759,89832
2011;Scomberomorus;1877,457414
2011;Merluccius;108,2199782
2011;Trachurus;7379,423034
2011;Pagrus;871,4870285
2011;Pagellus;72,80341464
2011;Pagellus;35,60102329
2011;Auxis;371,3404936
2011;Dicentrarchus;53,84867947
2011;Liza;1734,358268
2011;Phycis;159,8228807
2011;Loligo;35,60102329
2011;Sepia;178,0051164
2011;Donax;2,68645272
2011;Argentina sphyraena;8,184999279
2011;Merluccius merluccius;1845,501943
2011;Dicentrarchus labrax;35,60102329
2011;Engraulis encrasicolus;16471,23408
2011;Engraulis encrasicolus;1174,420994
2011;Orcynopsis unicolor;91,75814981
2011;Sarda sarda;2082,866922
2011;Boops boops;1689,986956
2011;Sarpa salpa;39,20183865
2011;Conger conger;572,9499495
2011;Conger conger;356,0102329
2011;Pomatomus saltatrix;143,0220927
2011;Plectorhinchus mediterraneus;1870,48773
2011;Argyrosomus regius;35,60102329
2011;Pagellus bellottii;8,615788715
2011;Solea solea;1019,247805
2011;Hexanchus griseus;6,892630972
2011;Lithognathus mormyrus;70,64946746
2011;Isurus oxyrinchus;180,931563
2011;Mullus barbatus barbatus;330,4154972
2011;Pagellus acarne;99,51235965
2011;Pagellus erythrinus;775,4209843
2011;Sphyrna zygaena;65,91078367
2011;Sardinella aurita;512,2086391
2011;Sardinella maderensis;32586,20529
2011;Sparus aurata;127,0828835
2011;Trichiurus lepturus;2174,194282
2011;Mullus surmuletus;498,414326
2011;Sardina pilchardus;214123,0275
2011;Sardina pilchardus;4522,938682
2011;Sardina pilchardus;25740,29132
2011;Spondyliosoma cantharus;395,8954914
2011;Trisopterus luscus;144,314461
2011;Zeus faber;501,4389032
2011;Diplodus sargus sargus;1012,355174
2011;Diplodus vulgaris;35,60102329
2011;Campogramma glaycos;4,738683793
2011;Umbrina canariensis;519,5320595
2011;Scomber colias;51861,01701
2011;Parapenaeus longirostris;59,3333233
2011;Homarus gammarus;19,81631404
2011;Nephrops norvegicus;1,292368307
2011;Maja squinado;0,861578872
2011;Chamelea gallina;45,66969624
2011;Callista chione;28,20775356
2011;Acanthocardia tuberculata;18,80516904
2012;Miscellaneous marine crustaceans;227,3038311
2012;Miscellaneous aquatic invertebrates;39,19771325
2012;Elasmobranchii;59,89301677
2012;Elasmobranchii;156,790853
2012;Chondrichthyes;1044,233592
2012;Cephalopoda;309,7230038
2012;Bivalvia;156,790853
2012;Scombroidea;587,9656988
2012;Pleuronectiformes;1297,96857
2012;Pleuronectiformes;256,9659975
2012;Teuthida;2472,300572
2012;Teuthida;586,4817544
2012;Sepiida;245,4028527
2012;Octopoda;7917,479039
2012;Octopoda;1406,562174
2012;Dendrobranchiata;3394,620754
2012;Gadidae;130,8475694
2012;Haemulidae;130,8475694
2012;Sparidae;256,3447245
2012;Sciaenidae;1289,352781
2012;Sciaenidae;130,8475694
2012;Trichiuridae;130,8475694
2012;Scombridae;664,394
2012;Bothidae;22,40105066
2012;Soleidae;39,19771325
2012;Peristediidae;652,6459951
2012;Sepiidae;10887,34141
2012;Palinuridae;216,2562967
2012;Palinuridae;587,9656988
2012;Scyllaridae;37,47868091
2012;Cardiidae;37,83541608
2012;Lophius;155,0841969
2012;Trachinus;574,6731073
2012;Scorpaena;237,7957685
2012;Alosa;0,25
2012;Epinephelus;26,27815558
2012;Epinephelus;313,581706
2012;Gymnothorax;70,21867802
2012;Caranx;709,2911475
2012;Caranx;661,1371667
2012;Plectorhinchus;1633,122751
2012;Scomberomorus;2127,873442
2012;Scomberomorus;2270,012833
2012;Merluccius;130,8475694
2012;Trachurus;7207,10726
2012;Pagrus;677,6317824
2012;Pagellus;97,35841248
2012;Pagellus;39,19771325
2012;Auxis;238,6573474
2012;Dicentrarchus;43,50973301
2012;Liza;547,5333728
2012;Phycis;185,2394574
2012;Loligo;39,19771325
2012;Sepia;195,9885663
2012;Donax;2,60933904
2012;Argentina sphyraena;20,67789292
2012;Merluccius merluccius;2300,415587
2012;Anguilla anguilla;0,107697359
2012;Dicentrarchus labrax;39,19771325
2012;Engraulis encrasicolus;21204,31761
2012;Engraulis encrasicolus;1419,979333
2012;Orcynopsis unicolor;276,5668177
2012;Sarda sarda;1250,581732
2012;Boops boops;919,3046558
2012;Sarpa salpa;30,58604994
2012;Conger conger;569,0728446
2012;Conger conger;391,9771325
2012;Pomatomus saltatrix;162,8384067
2012;Plectorhinchus mediterraneus;2256,905854
2012;Argyrosomus regius;39,19771325
2012;Pagellus bellottii;15,07763025
2012;Solea solea;957,6449156
2012;Hexanchus griseus;6,461841536
2012;Lithognathus mormyrus;49,54078511
2012;Carcharodon carcharias;0,107697359
2012;Isurus oxyrinchus;174,9005109
2012;Mullus barbatus barbatus;309,3068149
2012;Pagellus acarne;28,86289219
2012;Pagellus erythrinus;4655,972221
2012;Sphyrna zygaena;66,77236254
2012;Sardinella aurita;14,64684081
2012;Sardinella maderensis;40261,58066
2012;Sparus aurata;78,4036773
2012;Trichiurus lepturus;2057,019556
2012;Mullus surmuletus;548,7679855
2012;Sardina pilchardus;285867,1309
2012;Sardina pilchardus;5468,634747
2012;Sardina pilchardus;31122,29933
2012;Spondyliosoma cantharus;688,4015183
2012;Trisopterus luscus;273,1205023
2012;Zeus faber;604,8283678
2012;Diplodus sargus sargus;955,9217579
2012;Diplodus vulgaris;39,19771325
2012;Campogramma glaycos;42,2173647
2012;Umbrina canariensis;506,177587
2012;Scomber colias;53990,83998
2012;Parapenaeus longirostris;71,73925986
2012;Homarus gammarus;15,93920912
2012;Nephrops norvegicus;0,430789436
2012;Maja squinado;0,430789436
2012;Chamelea gallina;44,35876368
2012;Callista chione;27,39805992
2012;Acanthocardia tuberculata;18,26537328
2013;Miscellaneous marine crustaceans;245,0738603
2013;Miscellaneous aquatic invertebrates;39,45388153
2013;Elasmobranchii;64,57529886
2013;Elasmobranchii;157,8155261
2013;Chondrichthyes;1041,218066
2013;Cephalopoda;333,9363521
2013;Bivalvia;157,8155261
2013;Scombroidea;591,8082229
2013;Pleuronectiformes;1582,289597
2013;Pleuronectiformes;277,0549386
2013;Teuthida;4694,743271
2013;Teuthida;632,3313903
2013;Sepiida;264,5878169
2013;Octopoda;23481,47056
2013;Octopoda;1516,523589
2013;Dendrobranchiata;3205,504191
2013;Gadidae;141,076896
2013;Haemulidae;141,076896
2013;Sparidae;276,3850961
2013;Sciaenidae;1142,884373
2013;Sciaenidae;141,076896
2013;Trichiuridae;141,076896
2013;Scombridae;716,334615
2013;Bothidae;24,55499784
2013;Soleidae;39,45388153
2013;Peristediidae;548,8257411
2013;Sepiidae;11428,41294
2013;Palinuridae;136,5602511
2013;Palinuridae;591,8082229
2013;Scyllaridae;74,09578295
2013;Cardiidae;36,71726772
2013;Lophius;152,4994602
2013;Trachinus;586,304422
2013;Scorpaena;394,1723337
2013;Alosa;0,25
2013;Epinephelus;17,23157743
2013;Epinephelus;315,6310522
2013;Gymnothorax;54,71025834
2013;Caranx;764,7417061
2013;Caranx;712,8231708
2013;Plectorhinchus;930,5051812
2013;Scomberomorus;2294,225118
2013;Scomberomorus;2447,476601
2013;Merluccius;141,076896
2013;Trachurus;11140,21481
2013;Pagrus;675,9086247
2013;Pagellus;77,111309
2013;Pagellus;39,45388153
2013;Auxis;23,69341897
2013;Dicentrarchus;27,57052389
2013;Liza;438,5436456
2013;Phycis;208,0712975
2013;Loligo;39,45388153
2013;Sepia;197,2694076
2013;Donax;2,53222536
2013;Argentina sphyraena;26,70894502
2013;Merluccius merluccius;2216,842436
2013;Anguilla anguilla;0,107697359
2013;Dicentrarchus labrax;39,45388153
2013;Engraulis encrasicolus;14910,05316
2013;Engraulis encrasicolus;1530,989667
2013;Orcynopsis unicolor;239,0881368
2013;Sarda sarda;1014,939911
2013;Boops boops;1375,079879
2013;Sarpa salpa;59,87973157
2013;Conger conger;632,8296811
2013;Conger conger;394,5388153
2013;Pomatomus saltatrix;206,7789292
2013;Plectorhinchus mediterraneus;1970,861668
2013;Argyrosomus regius;39,45388153
2013;Pagellus bellottii;15,07763025
2013;Solea solea;1125,652796
2013;Hexanchus griseus;24,98578727
2013;Lithognathus mormyrus;26,27815558
2013;Carcharodon carcharias;0,430789436
2013;Isurus oxyrinchus;287,3365536
2013;Mullus barbatus barbatus;305,8604994
2013;Pagellus acarne;54,71025834
2013;Pagellus erythrinus;1036,479382
2013;Sphyrna zygaena;49,97157454
2013;Sardinella aurita;11,63131476
2013;Sardinella maderensis;34991,7335
2013;Sparus aurata;60,310521
2013;Trichiurus lepturus;2834,594487
2013;Mullus surmuletus;552,3543414
2013;Sardina pilchardus;297927,5119
2013;Sardina pilchardus;5896,158554
2013;Sardina pilchardus;33555,36069
2013;Spondyliosoma cantharus;1015,3707
2013;Trisopterus luscus;391,1568076
2013;Zeus faber;1170,454897
2013;Diplodus sargus sargus;756,4662491
2013;Diplodus vulgaris;39,45388153
2013;Campogramma glaycos;87,01946602
2013;Umbrina canariensis;440,6975928
2013;Scomber colias;69860,26121
2013;Parapenaeus longirostris;77,34765079
2013;Homarus gammarus;15,07763025
2013;Nephrops norvegicus;0,430789436
2013;Maja squinado;1,723157743
2013;Chamelea gallina;43,04783112
2013;Callista chione;26,58836628
2013;Acanthocardia tuberculata;17,72557752
2014;Miscellaneous marine crustaceans;267,2145909
2014;Miscellaneous aquatic invertebrates;36,31819045
2014;Elasmobranchii;70,40923109
2014;Elasmobranchii;145,2727618
2014;Chondrichthyes;1038,20254
2014;Cephalopoda;364,105195
2014;Bivalvia;145,2727618
2014;Scombroidea;544,7728567
2014;Pleuronectiformes;1720,573006
2014;Pleuronectiformes;302,0849387
2014;Teuthida;4537,505127
2014;Teuthida;689,4581639
2014;Sepiida;288,4914987
2014;Octopoda;19566,45617
2014;Octopoda;1653,53102
2014;Dendrobranchiata;4019,265435
2014;Gadidae;153,8222191
2014;Haemulidae;153,8222191
2014;Sparidae;301,3545805
2014;Sciaenidae;907,6733411
2014;Sciaenidae;153,8222191
2014;Trichiuridae;153,8222191
2014;Scombridae;781,0504998
2014;Bothidae;32,30920768
2014;Soleidae;36,31819045
2014;Peristediidae;1316,492516
2014;Sepiidae;8177,245069
2014;Palinuridae;84,86551884
2014;Palinuridae;544,7728567
2014;Scyllaridae;22,40105066
2014;Cardiidae;35,59911936
2014;Lophius;238,6573474
2014;Trachinus;644,8917853
2014;Scorpaena;340,7544437
2014;Alosa;1
2014;Epinephelus;16,36999856
2014;Epinephelus;290,5455236
2014;Gymnothorax;71,94183577
2014;Caranx;833,8308372
2014;Caranx;777,2218208
2014;Plectorhinchus;797,3912455
2014;Scomberomorus;2501,492512
2014;Scomberomorus;2668,589208
2014;Merluccius;153,8222191
2014;Trachurus;12355,47181
2014;Pagrus;774,9901949
2014;Pagellus;76,68051956
2014;Pagellus;36,31819045
2014;Auxis;9,04657815
2014;Dicentrarchus;41,78657527
2014;Liza;744,8349344
2014;Phycis;275,7052389
2014;Loligo;36,31819045
2014;Sepia;181,5909523
2014;Donax;2,45511168
2014;Argentina sphyraena;57,72578439
2014;Merluccius merluccius;2813,916594
2014;Anguilla anguilla;0,430789436
2014;Dicentrarchus labrax;36,31819045
2014;Engraulis encrasicolus;7545,707756
2014;Engraulis encrasicolus;1669,304009
2014;Orcynopsis unicolor;373,4944408
2014;Sarda sarda;1533,179602
2014;Boops boops;2694,58792
2014;Sarpa salpa;63,32604705
2014;Conger conger;746,9888816
2014;Conger conger;363,1819045
2014;Pomatomus saltatrix;198,1631404
2014;Plectorhinchus mediterraneus;1833,009049
2014;Argyrosomus regius;36,31819045
2014;Pagellus bellottii;19,38552461
2014;Solea solea;1214,395419
2014;Hexanchus griseus;10,33894646
2014;Lithognathus mormyrus;49,97157454
2014;Carcharodon carcharias;0,107697359
2014;Isurus oxyrinchus;277,859186
2014;Mullus barbatus barbatus;428,6354886
2014;Pagellus acarne;43,50973301
2014;Pagellus erythrinus;767,235985
2014;Sphyrna zygaena;30,58604994
2014;Sardinella aurita;35,75552317
2014;Sardinella maderensis;21915,12017
2014;Sparus aurata;66,77236254
2014;Trichiurus lepturus;2553,288986
2014;Mullus surmuletus;508,4546663
2014;Sardina pilchardus;360460,0448
2014;Sardina pilchardus;6428,835755
2014;Sardina pilchardus;36586,85576
2014;Spondyliosoma cantharus;1242,827522
2014;Trisopterus luscus;420,4504893
2014;Zeus faber;767,6667745
2014;Diplodus sargus sargus;871,4870285
2014;Diplodus vulgaris;36,31819045
2014;Campogramma glaycos;127,9444624
2014;Umbrina canariensis;397,6186492
2014;Scomber colias;79378,98459
2014;Parapenaeus longirostris;84,3354768
2014;Homarus gammarus;12,92368307
2014;Nephrops norvegicus;0,861578872
2014;Maja squinado;0,107697359
2014;Chamelea gallina;41,73689856
2014;Callista chione;25,77867264
2014;Acanthocardia tuberculata;17,18578176
2015;Miscellaneous marine crustaceans;286,4415206
2015;Miscellaneous aquatic invertebrates;35,43477266
2015;Elasmobranchii;75,47539656
2015;Elasmobranchii;141,7390906
2015;Chondrichthyes;1102,390166
2015;Cephalopoda;390,3037082
2015;Bivalvia;141,7390906
2015;Scombroidea;531,5215898
2015;Pleuronectiformes;1640,87696
2015;Pleuronectiformes;323,8208995
2015;Teuthida;3458,80838
2015;Teuthida;739,0668457
2015;Sepiida;309,2493688
2015;Octopoda;26589,61634
2015;Octopoda;1772,507774
2015;Dendrobranchiata;3164,148405
2015;Gadidae;164,8902112
2015;Haemulidae;164,8902112
2015;Sparidae;323,0379896
2015;Sciaenidae;841,7625574
2015;Sciaenidae;164,8902112
2015;Trichiuridae;164,8902112
2015;Scombridae;837,2495381
2015;Bothidae;43,07894357
2015;Soleidae;35,43477266
2015;Peristediidae;2557,596881
2015;Sepiidae;12288,26865
2015;Palinuridae;47,81762736
2015;Palinuridae;531,5215898
2015;Scyllaridae;26,27815558
2015;Cardiidae;34,73319253
2015;Lophius;275,7052389
2015;Trachinus;417,4349632
2015;Alosa;1
2015;Epinephelus;12,92368307
2015;Epinephelus;283,4781813
2015;Gymnothorax;42,2173647
2015;Caranx;893,8275866
2015;Caranx;833,1453736
2015;Plectorhinchus;767,6667746
2015;Scomberomorus;2681,48276
2015;Scomberomorus;2860,602589
2015;Merluccius;164,8902112
2015;Trachurus;17105,35613
2015;Pagrus;506,177587
2015;Pagellus;64,61841537
2015;Pagellus;35,43477266
2015;Auxis;38,77104921
2015;Dicentrarchus;25,41657671
2015;Liza;622,0599452
2015;Phycis;235,6418214
2015;Loligo;35,43477266
2015;Sepia;177,1738633
2015;Donax;2,395392588
2015;Argentina sphyraena;46,09446962
2015;Merluccius merluccius;4352,696458
2015;Dicentrarchus labrax;35,43477266
2015;Engraulis encrasicolus;10601,29722
2015;Engraulis encrasicolus;1789,415679
2015;Orcynopsis unicolor;479,468642
2015;Sarda sarda;1624,506962
2015;Boops boops;3024,572628
2015;Sarpa salpa;42,64815414
2015;Conger conger;586,3044221
2015;Conger conger;354,3477266
2015;Pomatomus saltatrix;205,0557714
2015;Plectorhinchus mediterraneus;1740,38932
2015;Argyrosomus regius;35,43477266
2015;Pagellus bellottii;25,41657671
2015;Solea solea;1634,845908
2015;Hexanchus griseus;18,95473518
2015;Lithognathus mormyrus;27,13973445
2015;Carcharodon carcharias;0,430789436
2015;Isurus oxyrinchus;407,9575956
2015;Mullus barbatus barbatus;392,8799654
2015;Pagellus acarne;14,64684082
2015;Pagellus erythrinus;596,212579
2015;Sphyrna zygaena;52,55631116
2015;Sardinella aurita;23,26262953
2015;Sardinella maderensis;15211,60576
2015;Sparus aurata;42,64815414
2015;Trichiurus lepturus;2626,95398
2015;Mullus surmuletus;496,0868172
2015;Sardina pilchardus;358847,1692
2015;Sardina pilchardus;6891,410693
2015;Sardina pilchardus;39219,39502
2015;Spondyliosoma cantharus;1401,358034
2015;Trisopterus luscus;486,361273
2015;Zeus faber;723,2954624
2015;Diplodus sargus sargus;620,7675767
2015;Diplodus vulgaris;35,43477266
2015;Campogramma glaycos;81,41920335
2015;Umbrina canariensis;348,939443
2015;Parapenaeus longirostris;90,40367942
2015;Homarus gammarus;17,23157743
2015;Nephrops norvegicus;0,430789436
2015;Maja squinado;6,892630976
2015;Chamelea gallina;40,721674
2015;Callista chione;25,15162218
2015;Acanthocardia tuberculata;16,76774812
2016;Miscellaneous marine crustaceans;306,3969005
2016;Miscellaneous aquatic invertebrates;34,00508013
2016;Elasmobranchii;80,73350372
2016;Elasmobranchii;136,0203205
2016;Chondrichthyes;820,6538749
2016;Cephalopoda;417,4948037
2016;Bivalvia;136,0203205
2016;Scombroidea;510,0762019
2016;Pleuronectiformes;1627,091698
2016;Pleuronectiformes;346,3803701
2016;Teuthida;7282,064622
2016;Teuthida;790,5550505
2016;Sepiida;330,7936917
2016;Octopoda;22623,7688
2016;Octopoda;1895,992197
2016;Dendrobranchiata;3182,672351
2016;Gadidae;176,3775361
2016;Haemulidae;176,3775361
2016;Sparidae;345,5429176
2016;Sciaenidae;712,0949372
2016;Sciaenidae;176,3775361
2016;Trichiuridae;176,3775361
2016;Scombridae;895,577788
2016;Bothidae;47,38683793
2016;Soleidae;34,00508013
2016;Peristediidae;1967,846143
2016;Sepiidae;12433,44469
2016;Palinuridae;101,2355174
2016;Palinuridae;510,0762019
2016;Scyllaridae;34,46315486
2016;Cardiidae;33,33180677
2016;Lophius;242,9652418
2016;Trachinus;486,7920624
2016;Alosa;1
2016;Epinephelus;15,93920912
2016;Epinephelus;272,040641
2016;Gymnothorax;33,60157599
2016;Caranx;956,0974315
2016;Caranx;891,1877007
2016;Plectorhinchus;1175,193581
2016;Scomberomorus;2868,292295
2016;Scomberomorus;3059,890776
2016;Merluccius;176,3775361
2016;Trachurus;16793,03379
2016;Pagrus;396,3262809
2016;Pagellus;51,26394286
2016;Pagellus;34,00508013
2016;Auxis;53,84867946
2016;Dicentrarchus;29,29368163
2016;Liza;903,7962362
2016;Phycis;244,6883995
2016;Loligo;34,00508013
2016;Sepia;170,0254007
2016;Donax;2,298745295
2016;Argentina sphyraena;34,8939443
2016;Merluccius merluccius;3024,141839
2016;Dicentrarchus labrax;34,00508013
2016;Engraulis encrasicolus;11234,55769
2016;Engraulis encrasicolus;1914,078017
2016;Orcynopsis unicolor;286,4749748
2016;Sarda sarda;1092,912799
2016;Boops boops;2441,714521
2016;Sarpa salpa;23,26262953
2016;Conger conger;503,5928504
2016;Conger conger;340,0508013
2016;Pomatomus saltatrix;241,242084
2016;Plectorhinchus mediterraneus;1772,698528
2016;Argyrosomus regius;34,00508013
2016;Pagellus bellottii;25,41657671
2016;Solea solea;1522,840655
2016;Hexanchus griseus;13,78526195
2016;Lithognathus mormyrus;27,57052388
2016;Carcharodon carcharias;0,107697359
2016;Isurus oxyrinchus;452,3289074
2016;Mullus barbatus barbatus;329,1231289
2016;Pagellus acarne;16,80078799
2016;Pagellus erythrinus;422,6044364
2016;Sphyrna zygaena;54,27946891
2016;Sardinella aurita;12,49289364
2016;Sardinella maderensis;3683,680464
2016;Sparus aurata;86,58867658
2016;Trichiurus lepturus;2695,880289
2016;Mullus surmuletus;476,0711218
2016;Sardina pilchardus;391977,0307
2016;Sardina pilchardus;7371,511197
2016;Sardina pilchardus;41951,67324
2016;Spondyliosoma cantharus;2103,975604
2016;Trisopterus luscus;429,4970675
2016;Zeus faber;600,9512627
2016;Diplodus sargus sargus;712,5257265
2016;Diplodus vulgaris;34,00508013
2016;Campogramma glaycos;53,84867946
2016;Umbrina canariensis;473,0068005
2016;Parapenaeus longirostris;96,70178789
2016;Homarus gammarus;23,69341896
2016;Nephrops norvegicus;0,430789436
2016;Maja squinado;21,5394718
2016;Chamelea gallina;39,07867001
2016;Callista chione;24,13682559
2016;Acanthocardia tuberculata;16,09121706
2017;Miscellaneous marine crustaceans;326,3522803
2017;Miscellaneous aquatic invertebrates;32,5753876
2017;Elasmobranchii;85,99161088
2017;Elasmobranchii;130,3015504
2017;Chondrichthyes;839,1778206
2017;Cephalopoda;444,6858993
2017;Bivalvia;130,3015504
2017;Scombroidea;488,630814
2017;Pleuronectiformes;2271,552694
2017;Pleuronectiformes;368,9398407
2017;Teuthida;4195,889104
2017;Teuthida;842,0432553
2017;Sepiida;352,3380147
2017;Octopoda;21160,80787
2017;Octopoda;2019,476621
2017;Dendrobranchiata;2412,42084
2017;Gadidae;187,864861
2017;Haemulidae;187,864861
2017;Sparidae;368,0478457
2017;Sciaenidae;488,0844307
2017;Sciaenidae;187,864861
2017;Trichiuridae;187,864861
2017;Scombridae;953,9060379
2017;Soleidae;32,5753876
2017;Peristediidae;1597,798018
2017;Sepiidae;11506,38583
2017;Palinuridae;147,329987
2017;Palinuridae;488,630814
2017;Scyllaridae;78,83446675
2017;Cardiidae;31,93042102
2017;Lophius;273,5512917
2017;Trachinus;407,5268062
2017;Alosa;1
2017;Epinephelus;89,17341321
2017;Epinephelus;260,6031008
2017;Gymnothorax;41,35578583
2017;Caranx;1018,367276
2017;Caranx;949,2300278
2017;Plectorhinchus;1082,143063
2017;Scomberomorus;3055,10183
2017;Scomberomorus;3259,178963
2017;Merluccius;187,864861
2017;Trachurus;12050,47289
2017;Pagrus;113,728411
2017;Pagellus;32,5753876
2017;Auxis;357,5552316
2017;Dicentrarchus;22,40105066
2017;Liza;1107,12885
2017;Phycis;168,4386694
2017;Loligo;32,5753876
2017;Sepia;162,8769381
2017;Donax;2,202098001
2017;Argentina sphyraena;198,5939299
2017;Merluccius merluccius;2325,832163
2017;Dicentrarchus labrax;32,5753876
2017;Engraulis encrasicolus;7392,777506
2017;Engraulis encrasicolus;2038,740355
2017;Orcynopsis unicolor;193,8552461
2017;Sarda sarda;4511,226972
2017;Boops boops;1584,012755
2017;Sarpa salpa;73,23420407
2017;Bothus podas;43,94052244
2017;Conger conger;558,3031087
2017;Conger conger;325,753876
2017;Pomatomus saltatrix;359,2783893
2017;Plectorhinchus mediterraneus;1394,034614
2017;Argyrosomus regius;32,5753876
2017;Pagellus bellottii;42,64815414
2017;Solea solea;1354,832775
2017;Hexanchus griseus;20,67789292
2017;Lithognathus mormyrus;29,29368163
2017;Carcharodon carcharias;0,107697359
2017;Isurus oxyrinchus;296,8139212
2017;Mullus barbatus barbatus;214,1023496
2017;Pagellus acarne;242,1036629
2017;Pagellus erythrinus;443,2823293
2017;Sphyrna zygaena;21,53947179
2017;Sardinella aurita;9,046578151
2017;Sardinella maderensis;10476,36829
2017;Sparus aurata;103,3894646
2017;Trichiurus lepturus;2246,997697
2017;Mullus surmuletus;456,0554264
2017;Sardina pilchardus;403715,1812
2017;Sardina pilchardus;7851,611701
2017;Sardina pilchardus;44683,95145
2017;Spondyliosoma cantharus;1791,653263
2017;Trisopterus luscus;296,8139212
2017;Zeus faber;538,4867945
2017;Diplodus sargus sargus;854,6862403
2017;Diplodus vulgaris;32,5753876
2017;Campogramma glaycos;494,1154827
2017;Umbrina canariensis;706,4946746
2017;Parapenaeus longirostris;102,9998964
2017;Homarus gammarus;31,01683937
2017;Nephrops norvegicus;0,430789436
2017;Maja squinado;8,61578872
2017;Chamelea gallina;37,43566601
2017;Callista chione;23,12202901
2017;Acanthocardia tuberculata;15,41468601
2018;Miscellaneous marine crustaceans;330,4989203
2018;Miscellaneous aquatic invertebrates;28,8439302
2018;Elasmobranchii;87,08422234
2018;Elasmobranchii;115,3757208
2018;Chondrichthyes;1793,807209
2018;Cephalopoda;450,3360889
2018;Bivalvia;115,3757208
2018;Scombroidea;432,658953
2018;Pleuronectiformes;2188,841121
2018;Pleuronectiformes;373,6275991
2018;Teuthida;2536,918987
2018;Teuthida;852,7422769
2018;Sepiida;356,8148299
2018;Octopoda;16277,37883
2018;Octopoda;2045,136137
2018;Dendrobranchiata;2692,433973
2018;Gadidae;190,2518763
2018;Haemulidae;190,2518763
2018;Sparidae;372,7242702
2018;Sciaenidae;617,3212613
2018;Sciaenidae;190,2518763
2018;Trichiuridae;190,2518763
2018;Scombridae;0,107697359
2018;Scombridae;966,0263908
2018;Soleidae;28,8439302
2018;Peristediidae;1268,674889
2018;Sepiidae;8449,503988
2018;Palinuridae;74,52657239
2018;Palinuridae;432,658953
2018;Scyllaridae;10,76973589
2018;Cardiidae;28,50179106
2018;Lophius;230,9031376
2018;Trachinus;509,6239025
2018;Epinephelus;71,08025688
2018;Epinephelus;230,7514416
2018;Gymnothorax;33,17078655
2018;Caranx;1031,306675
2018;Caranx;961,2909671
2018;Plectorhinchus;821,5154544
2018;Scomberomorus;3093,920028
2018;Scomberomorus;3300,59017
2018;Merluccius;190,2518763
2018;Trachurus;8814,38265
2018;Pagrus;343,7699697
2018;Pagellus;283,0286593
2018;Pagellus;28,8439302
2018;Auxis;509,1931129
2018;Dicentrarchus;11,20052533
2018;Liza;1108,421218
2018;Phycis;164,130775
2018;Loligo;28,8439302
2018;Sepia;144,2196511
2018;Donax;1,965640764
2018;Argentina sphyraena;227,0260326
2018;Merluccius merluccius;2412,42084
2018;Dicentrarchus labrax;28,8439302
2018;Engraulis encrasicolus;9518,723365
2018;Engraulis encrasicolus;2064,644639
2018;Acanthocybium solandri;0,107697359
2018;Orcynopsis unicolor;16,36999856
2018;Sarda sarda;1759,774846
2018;Boops boops;1310,461463
2018;Sarpa salpa;101,6663068
2018;Bothus podas;42,2173647
2018;Conger conger;469,1296956
2018;Conger conger;288,439302
2018;Pomatomus saltatrix;0,430789436
2018;Plectorhinchus mediterraneus;1448,744872
2018;Argyrosomus regius;28,8439302
2018;Pagellus bellottii;95,20446531
2018;Solea solea;1265,659361
2018;Hexanchus griseus;13,35447252
2018;Lithognathus mormyrus;24,12420839
2018;Carcharodon carcharias;0,107697359
2018;Carcharodon carcharias;0,107697359
2018;Isurus oxyrinchus;13,78526194
2018;Mullus barbatus barbatus;219,7026122
2018;Pagellus acarne;345,9239169
2018;Pagellus erythrinus;426,0507519
2018;Sphyrna zygaena;0,107697359
2018;Sardinella aurita;10,33894646
2018;Sardinella maderensis;7305,327248
2018;Sparus aurata;77,54209844
2018;Trichiurus lepturus;850,8091357
2018;Mullus surmuletus;403,8150229
2018;Sardina pilchardus;405506,8345
2018;Sardina pilchardus;7951,374467
2018;Sardina pilchardus;45251,70681
2018;Spondyliosoma cantharus;1248,427784
2018;Trisopterus luscus;305,8604994
2018;Zeus faber;535,4712683
2018;Diplodus sargus sargus;942,1364954
2018;Diplodus vulgaris;28,8439302
2018;Campogramma glaycos;487,2228517
2018;Umbrina canariensis;294,2291847
2018;Parapenaeus longirostris;104,3086155
2018;Homarus gammarus;18,0931563
2018;Maja squinado;3,877104925
2018;Chamelea gallina;33,41589297
2018;Callista chione;20,639228
2018;Acanthocardia tuberculata;13,75948533
